Distance_(µm),Gray_Value
0.000,346.396
0.347,347.228
0.694,348.091
1.041,348.950
1.388,349.844
1.735,350.731
2.082,351.635
2.429,352.531
2.776,353.431
3.123,354.305
3.470,355.219
3.817,356.099
4.164,356.969
4.511,357.866
4.858,358.738
5.205,359.590
5.552,360.443
5.899,361.278
6.246,362.107
6.593,362.906
6.940,363.644
7.287,364.443
7.634,365.179
7.981,365.902
8.328,366.587
8.675,367.274
9.022,367.910
9.369,368.577
9.716,369.128
10.063,369.724
10.410,370.263
10.757,370.767
11.104,371.258
11.451,371.737
11.798,372.127
12.145,372.490
12.492,372.845
12.839,373.144
13.186,373.440
13.533,373.666
13.880,373.891
14.227,374.077
14.574,374.218
14.921,374.317
15.268,374.403
15.615,374.442
15.962,374.456
16.309,374.441
16.656,374.408
17.003,374.340
17.350,374.231
17.697,374.141
18.044,373.993
18.391,373.841
18.738,373.660
19.085,373.479
19.432,373.267
19.779,373.020
20.126,372.771
20.473,372.536
20.820,372.265
21.167,371.982
21.514,371.731
21.861,371.420
22.208,371.126
22.555,370.839
22.902,370.557
23.249,370.268
23.596,369.975
23.943,369.685
24.290,369.401
24.637,369.133
24.984,368.879
25.331,368.646
25.678,368.442
26.025,368.232
26.372,368.047
26.719,367.921
27.066,367.802
27.413,367.730
27.760,367.679
28.107,367.686
28.454,367.703
28.801,367.784
29.148,367.919
29.495,368.098
29.842,368.288
30.189,368.572
30.536,368.889
30.883,369.270
31.230,369.694
31.577,370.158
31.924,370.683
32.271,371.268
32.618,371.875
32.965,372.550
33.312,373.256
33.659,374.011
34.006,374.827
34.353,375.673
34.700,376.549
35.047,377.494
35.394,378.476
35.741,379.445
36.088,380.484
36.435,381.526
36.782,382.580
37.129,383.710
37.476,384.829
37.823,385.968
38.170,387.142
38.517,388.311
38.864,389.488
39.211,390.681
39.558,391.896
39.905,393.116
40.252,394.310
40.599,395.530
40.946,396.759
41.293,397.981
41.640,399.212
41.987,400.414
42.334,401.629
42.681,402.832
43.028,404.038
43.375,405.211
43.722,406.371
44.069,407.543
44.416,408.708
44.763,409.847
45.110,410.970
45.457,412.063
45.804,413.169
46.151,414.235
46.498,415.301
46.845,416.318
47.192,417.318
47.539,418.299
47.886,419.248
48.233,420.198
48.580,421.104
48.927,421.982
49.274,422.819
49.621,423.648
49.968,424.427
50.315,425.173
50.662,425.877
51.009,426.562
51.356,427.213
51.703,427.799
52.050,428.395
52.397,428.904
52.744,429.384
53.091,429.844
53.438,430.247
53.785,430.603
54.132,430.937
54.479,431.256
54.826,431.501
55.173,431.711
55.520,431.922
55.867,432.044
56.214,432.154
56.561,432.257
56.908,432.291
57.255,432.341
57.602,432.344
57.949,432.320
58.296,432.302
58.643,432.262
58.990,432.184
59.337,432.135
59.684,432.060
60.031,431.972
60.378,431.904
60.725,431.841
61.072,431.792
61.419,431.739
61.766,431.673
62.113,431.633
62.460,431.604
62.807,431.592
63.154,431.604
63.501,431.647
63.848,431.672
64.195,431.715
64.542,431.769
64.889,431.888
65.236,431.982
65.583,432.096
65.930,432.223
66.277,432.346
66.624,432.496
66.971,432.631
67.318,432.755
67.665,432.866
68.012,433.006
68.359,433.115
68.706,433.241
69.053,433.315
69.400,433.377
69.747,433.398
70.094,433.424
70.441,433.381
70.788,433.330
71.135,433.255
71.482,433.125
71.829,432.958
72.176,432.732
72.523,432.479
72.870,432.169
73.217,431.825
73.564,431.427
73.911,430.973
74.258,430.469
74.605,429.936
74.952,429.388
75.299,428.733
75.646,428.085
75.993,427.373
76.340,426.604
76.687,425.838
77.034,424.985
77.381,424.154
77.728,423.270
78.075,422.348
78.422,421.447
78.769,420.485
79.116,419.513
79.463,418.540
79.810,417.559
80.157,416.567
80.504,415.554
80.851,414.539
81.198,413.537
81.545,412.539
81.892,411.540
82.239,410.556
82.586,409.567
82.933,408.587
83.280,407.648
83.627,406.712
83.974,405.795
84.321,404.879
84.668,404.024
85.015,403.169
85.362,402.346
85.709,401.557
86.056,400.776
86.403,400.030
86.750,399.321
87.097,398.630
87.444,398.004
87.791,397.401
88.138,396.813
88.485,396.260
88.832,395.762
89.179,395.300
89.526,394.883
89.873,394.513
90.220,394.166
90.567,393.851
90.914,393.594
91.261,393.412
91.608,393.227
91.955,393.097
92.302,393.006
92.649,392.963
92.996,392.985
93.343,393.039
93.690,393.140
94.037,393.256
94.384,393.456
94.731,393.669
95.078,393.934
95.425,394.240
95.772,394.551
96.119,394.914
96.466,395.294
96.813,395.692
97.160,396.116
97.507,396.560
97.854,397.017
98.201,397.470
98.548,397.947
98.895,398.396
99.242,398.864
99.589,399.324
99.936,399.765
100.283,400.205
100.630,400.639
100.977,401.004
101.324,401.361
101.671,401.732
102.018,402.052
102.365,402.381
102.712,402.680
103.059,402.962
103.406,403.164
103.753,403.390
104.100,403.597
104.447,403.780
104.794,403.940
105.141,404.118
105.488,404.237
105.835,404.380
106.182,404.509
106.529,404.625
106.876,404.738
107.223,404.864
107.570,405.004
107.917,405.110
108.264,405.278
108.611,405.415
108.958,405.579
109.305,405.770
109.652,405.934
109.999,406.124
110.346,406.346
110.693,406.558
111.040,406.797
111.387,407.054
111.734,407.323
112.081,407.570
112.428,407.867
112.775,408.185
113.122,408.496
113.469,408.850
113.816,409.201
114.163,409.559
114.510,409.934
114.857,410.319
115.204,410.731
115.551,411.146
115.898,411.564
116.245,412.036
116.592,412.500
116.939,412.986
117.286,413.457
117.633,413.971
117.980,414.487
118.327,415.007
118.674,415.521
119.021,416.071
119.368,416.648
119.715,417.203
120.062,417.758
120.409,418.321
120.756,418.894
121.103,419.471
121.450,420.035
121.797,420.621
122.144,421.187
122.491,421.725
122.838,422.259
123.185,422.807
123.532,423.339
123.879,423.833
124.226,424.310
124.573,424.799
124.920,425.247
125.267,425.676
125.614,426.056
125.961,426.463
126.308,426.829
126.655,427.176
127.002,427.508
127.349,427.800
127.696,428.077
128.043,428.357
128.390,428.622
128.737,428.878
129.084,429.098
129.431,429.319
129.778,429.560
130.125,429.766
130.472,429.981
130.819,430.189
131.166,430.411
131.513,430.600
131.860,430.827
132.207,431.028
132.554,431.285
132.901,431.517
133.248,431.751
133.595,431.985
133.942,432.285
134.289,432.518
134.636,432.825
134.983,433.115
135.330,433.402
135.677,433.729
136.024,434.042
136.371,434.370
136.718,434.701
137.065,435.049
137.412,435.388
137.759,435.726
138.106,436.116
138.453,436.482
138.800,436.875
139.147,437.240
139.494,437.644
139.841,438.040
140.188,438.442
140.535,438.832
140.882,439.245
141.229,439.677
141.576,440.102
141.923,440.525
142.270,440.976
142.617,441.400
142.964,441.837
143.311,442.285
143.658,442.718
144.005,443.180
144.352,443.629
144.699,444.084
145.046,444.543
145.393,444.996
145.740,445.477
146.087,445.942
146.434,446.389
146.781,446.866
147.128,447.326
147.475,447.766
147.822,448.248
148.169,448.688
148.516,449.149
148.863,449.599
149.210,450.061
149.557,450.489
149.904,450.919
150.251,451.349
150.598,451.793
150.945,452.227
151.292,452.609
151.639,453.036
151.986,453.448
152.333,453.844
152.680,454.227
153.027,454.600
153.374,454.963
153.721,455.321
154.068,455.681
154.415,456.029
154.762,456.364
155.109,456.663
155.456,456.965
155.803,457.272
156.150,457.516
156.497,457.768
156.844,457.979
157.191,458.186
157.538,458.362
157.885,458.522
158.232,458.639
158.579,458.746
158.926,458.898
159.273,458.954
159.620,459.002
159.967,459.059
160.314,459.064
160.661,459.091
161.008,459.064
161.355,459.039
161.702,459.004
162.049,458.952
162.396,458.897
162.743,458.836
163.090,458.762
163.437,458.707
163.784,458.621
164.131,458.574
164.478,458.491
164.825,458.429
165.172,458.390
165.519,458.350
165.866,458.327
166.213,458.321
166.560,458.280
166.907,458.309
167.254,458.309
167.601,458.319
167.948,458.377
168.295,458.431
168.642,458.490
168.989,458.551
169.336,458.624
169.683,458.728
170.030,458.802
170.377,458.912
170.724,459.004
171.071,459.118
171.418,459.233
171.765,459.325
172.112,459.441
172.459,459.568
172.806,459.657
173.153,459.766
173.500,459.866
173.847,459.953
174.194,460.027
174.541,460.105
174.888,460.180
175.235,460.273
175.582,460.317
175.929,460.330
176.276,460.378
176.623,460.416
176.970,460.421
177.317,460.401
177.664,460.361
178.011,460.319
178.358,460.283
178.705,460.240
179.052,460.173
179.399,460.074
179.746,459.958
180.093,459.859
180.440,459.724
180.787,459.620
181.134,459.473
181.481,459.312
181.828,459.157
182.175,458.952
182.522,458.798
182.869,458.592
183.216,458.433
183.563,458.230
183.910,458.019
184.257,457.820
184.604,457.614
184.951,457.398
185.298,457.190
185.645,456.977
185.992,456.776
186.339,456.558
186.686,456.377
187.033,456.153
187.380,455.943
187.727,455.747
188.074,455.558
188.421,455.334
188.768,455.145
189.115,454.961
189.462,454.749
189.809,454.562
190.156,454.348
190.503,454.188
190.850,453.966
191.197,453.759
191.544,453.544
191.891,453.339
192.238,453.130
192.585,452.932
192.932,452.719
193.279,452.477
193.626,452.278
193.973,452.046
194.320,451.812
194.667,451.561
195.014,451.314
195.361,451.064
195.708,450.832
196.055,450.565
196.402,450.301
196.749,450.028
197.096,449.757
197.443,449.500
197.790,449.244
198.137,448.954
198.484,448.679
198.831,448.400
199.178,448.103
199.525,447.826
199.872,447.552
200.219,447.271
200.566,446.993
200.913,446.709
201.260,446.435
201.607,446.150
201.954,445.873
202.301,445.585
202.648,445.311
202.995,445.052
203.342,444.758
203.689,444.486
204.036,444.207
204.383,443.919
204.730,443.635
205.077,443.357
205.424,443.080
205.771,442.796
206.118,442.507
206.465,442.228
206.812,441.918
207.159,441.632
207.506,441.334
207.853,441.041
208.200,440.723
208.547,440.385
208.894,440.041
209.241,439.705
209.588,439.365
209.935,439.026
210.282,438.651
210.629,438.278
210.976,437.890
211.323,437.474
211.670,437.048
212.017,436.620
212.364,436.164
212.711,435.704
213.058,435.237
213.405,434.702
213.752,434.197
214.099,433.685
214.446,433.118
214.793,432.547
215.140,431.966
215.487,431.357
215.834,430.739
216.181,430.093
216.528,429.450
216.875,428.768
217.222,428.097
217.569,427.409
217.916,426.683
218.263,425.960
218.610,425.220
218.957,424.494
219.304,423.725
219.651,422.982
219.998,422.216
220.345,421.460
220.692,420.688
221.039,419.929
221.386,419.186
221.733,418.420
222.080,417.633
222.427,416.887
222.774,416.141
223.121,415.414
223.468,414.686
223.815,413.966
224.162,413.266
224.509,412.552
224.856,411.881
225.203,411.245
225.550,410.569
225.897,409.923
226.244,409.302
226.591,408.686
226.938,408.100
227.285,407.519
227.632,406.930
227.979,406.363
228.326,405.843
228.673,405.304
229.020,404.789
229.367,404.315
229.714,403.818
230.061,403.329
230.408,402.880
230.755,402.431
231.102,401.994
231.449,401.556
231.796,401.150
232.143,400.750
232.490,400.367
232.837,400.003
233.184,399.590
233.531,399.252
233.878,398.903
234.225,398.546
234.572,398.173
234.919,397.848
235.266,397.508
235.613,397.129
235.960,396.811
236.307,396.445
236.654,396.089
237.001,395.757
237.348,395.395
237.695,395.010
238.042,394.609
238.389,394.214
238.736,393.785
239.083,393.360
239.430,392.912
239.777,392.460
240.124,391.976
240.471,391.494
240.818,390.980
241.165,390.489
241.512,389.948
241.859,389.391
242.206,388.838
242.553,388.264
242.900,387.690
243.247,387.128
243.594,386.566
243.941,385.952
244.288,385.383
244.635,384.809
244.982,384.234
245.329,383.676
245.676,383.101
246.023,382.541
246.370,381.990
246.717,381.481
247.064,380.999
247.411,380.470
247.758,379.991
248.105,379.536
248.452,379.100
248.799,378.685
249.146,378.275
249.493,377.880
249.840,377.503
250.187,377.147
250.534,376.818
250.881,376.488
251.228,376.198
251.575,375.901
251.922,375.596
252.269,375.353
252.616,375.086
252.963,374.848
253.310,374.625
253.657,374.419
254.004,374.204
254.351,373.993
254.698,373.815
255.045,373.661
255.392,373.469
255.739,373.307
256.086,373.140
256.433,372.980
256.780,372.825
257.127,372.659
257.474,372.518
257.821,372.374
258.168,372.243
258.515,372.116
258.862,371.998
259.209,371.860
259.556,371.729
259.903,371.637
260.250,371.506
260.597,371.399
260.944,371.312
261.291,371.206
261.638,371.104
261.985,370.990
262.332,370.909
262.679,370.807
263.026,370.714
263.373,370.620
263.720,370.543
264.067,370.458
264.414,370.349
264.761,370.294
265.108,370.199
265.455,370.116
265.802,370.049
266.149,369.965
266.496,369.886
266.843,369.807
267.190,369.714
267.537,369.646
267.884,369.569
268.231,369.498
268.578,369.421
268.925,369.321
269.272,369.241
269.619,369.162
269.966,369.100
270.313,369.004
270.660,368.937
271.007,368.860
271.354,368.783
271.701,368.686
272.048,368.603
272.395,368.528
272.742,368.469
273.089,368.404
273.436,368.358
273.783,368.291
274.130,368.205
274.477,368.135
274.824,368.067
275.171,367.988
275.518,367.903
275.865,367.809
276.212,367.718
276.559,367.642
276.906,367.566
277.253,367.492
277.600,367.376
277.947,367.278
278.294,367.169
278.641,367.056
278.988,366.918
279.335,366.798
279.682,366.681
280.029,366.559
280.376,366.432
280.723,366.307
281.070,366.163
281.417,366.028
281.764,365.878
282.111,365.736
282.458,365.581
282.805,365.419
283.152,365.304
283.499,365.155
283.846,364.968
284.193,364.820
284.540,364.684
284.887,364.542
285.234,364.396
285.581,364.242
285.928,364.089
286.275,363.953
286.622,363.812
286.969,363.652
287.316,363.528
287.663,363.405
288.010,363.295
288.357,363.177
288.704,363.078
289.051,362.974
289.398,362.861
289.745,362.747
290.092,362.638
290.439,362.563
290.786,362.478
291.133,362.391
291.480,362.300
291.827,362.234
292.174,362.163
292.521,362.061
292.868,361.996
293.215,361.940
293.562,361.886
293.909,361.821
294.256,361.762
294.603,361.714
294.950,361.671
295.297,361.636
295.644,361.605
295.991,361.568
296.338,361.524
296.685,361.483
297.032,361.434
297.379,361.404
297.726,361.385
298.073,361.352
298.420,361.332
298.767,361.310
299.114,361.300
299.461,361.288
299.808,361.265
300.155,361.289
300.502,361.295
300.849,361.314
301.196,361.301
301.543,361.304
301.890,361.303
302.237,361.296
302.584,361.296
302.931,361.289
303.278,361.281
303.625,361.285
303.972,361.269
304.319,361.261
304.666,361.234
305.013,361.233
305.360,361.226
305.707,361.231
306.054,361.193
306.401,361.156
306.748,361.131
307.095,361.117
307.442,361.100
307.789,361.063
308.136,361.046
308.483,361.031
308.830,361.014
309.177,360.990
309.524,360.971
309.871,360.949
310.218,360.921
310.565,360.905
310.912,360.926
311.259,360.923
311.606,360.906
311.953,360.899
312.300,360.900
312.647,360.931
312.994,360.956
313.341,360.960
313.688,360.976
314.035,360.989
314.382,361.018
314.729,361.051
315.076,361.068
315.423,361.093
315.770,361.112
316.117,361.141
316.464,361.176
316.811,361.207
317.158,361.225
317.505,361.235
317.852,361.258
318.199,361.263
318.546,361.272
318.893,361.262
319.240,361.269
319.587,361.250
319.934,361.245
320.281,361.230
320.628,361.194
320.975,361.154
321.322,361.113
321.669,361.055
322.016,361.006
322.363,360.930
322.710,360.841
323.057,360.747
323.404,360.640
323.751,360.552
324.098,360.451
324.445,360.329
324.792,360.220
325.139,360.097
325.486,359.971
325.833,359.840
326.180,359.702
326.527,359.558
326.874,359.410
327.221,359.240
327.568,359.095
327.915,358.964
328.262,358.812
328.609,358.667
328.956,358.521
329.303,358.379
329.650,358.222
329.997,358.065
330.344,357.950
330.691,357.828
331.038,357.692
331.385,357.593
331.732,357.498
332.079,357.378
332.426,357.257
332.773,357.190
333.120,357.133
333.467,357.072
333.814,357.035
334.161,356.988
334.508,356.922
334.855,356.885
335.202,356.889
335.549,356.882
335.896,356.872
336.243,356.886
336.590,356.916
336.937,356.937
337.284,356.953
337.631,356.971
337.978,356.991
338.325,357.045
338.672,357.103
339.019,357.185
339.366,357.241
339.713,357.286
340.060,357.330
340.407,357.382
340.754,357.432
341.101,357.480
341.448,357.510
341.795,357.571
342.142,357.612
342.489,357.649
342.836,357.697
343.183,357.743
343.530,357.772
343.877,357.790
344.224,357.840
344.571,357.875
344.918,357.892
345.265,357.923
345.612,357.930
345.959,357.949
346.306,357.966
346.653,357.996
347.000,358.012
347.347,358.016
347.694,358.006
348.041,357.999
348.388,357.996
348.735,358.025
349.082,358.012
349.429,357.992
349.776,357.962
350.123,357.952
350.470,357.949
350.817,357.930
351.164,357.900
351.511,357.886
351.858,357.840
352.205,357.816
352.552,357.796
352.899,357.758
353.246,357.720
353.593,357.686
353.940,357.652
354.287,357.608
354.634,357.560
354.981,357.518
355.328,357.476
355.675,357.428
356.022,357.376
356.369,357.332
356.716,357.290
357.063,357.264
357.410,357.221
357.757,357.186
358.104,357.142
358.451,357.103
358.798,357.084
359.145,357.057
359.492,357.050
359.839,357.038
360.186,357.031
360.533,357.035
360.880,357.023
361.227,357.008
361.574,356.995
361.921,356.988
362.268,356.988
362.615,356.997
362.962,357.009
363.309,357.035
363.656,357.059
364.003,357.073
364.350,357.093
364.697,357.135
365.044,357.158
365.391,357.174
365.738,357.190
366.085,357.220
366.432,357.283
366.779,357.343
367.126,357.374
367.473,357.389
367.820,357.440
368.167,357.496
368.514,357.546
368.861,357.593
369.208,357.640
369.555,357.688
369.902,357.748
370.249,357.806
370.596,357.866
370.943,357.901
371.290,357.950
371.637,358.000
371.984,358.056
372.331,358.120
372.678,358.158
373.025,358.195
373.372,358.251
373.719,358.293
374.066,358.327
374.413,358.357
374.760,358.409
375.107,358.443
375.454,358.455
375.801,358.482
376.148,358.511
376.495,358.508
376.842,358.515
377.189,358.534
377.536,358.537
377.883,358.523
378.230,358.531
378.577,358.500
378.924,358.464
379.271,358.432
379.618,358.387
379.965,358.342
380.312,358.297
380.659,358.240
381.006,358.190
381.353,358.151
381.700,358.099
382.047,358.030
382.394,357.951
382.741,357.884
383.088,357.788
383.435,357.703
383.782,357.628
384.129,357.561
384.476,357.496
384.823,357.429
385.170,357.318
385.517,357.227
385.864,357.153
386.211,357.088
386.558,357.042
386.905,356.988
387.252,356.941
387.599,356.892
387.946,356.848
388.293,356.820
388.640,356.765
388.987,356.725
389.334,356.688
389.681,356.649
390.028,356.644
390.375,356.656
390.722,356.659
391.069,356.653
391.416,356.662
391.763,356.685
392.110,356.725
392.457,356.760
392.804,356.798
393.151,356.827
393.498,356.858
393.845,356.933
394.192,356.995
394.539,357.065
394.886,357.143
395.233,357.228
395.580,357.319
395.927,357.422
396.274,357.515
396.621,357.608
396.968,357.702
397.315,357.807
397.662,357.921
398.009,358.055
398.356,358.201
398.703,358.300
399.050,358.415
399.397,358.552
399.744,358.694
400.091,358.825
400.438,358.953
400.785,359.078
401.132,359.199
401.479,359.323
401.826,359.472
402.173,359.610
402.520,359.741
402.867,359.861
403.214,359.992
403.561,360.109
403.908,360.219
404.255,360.317
404.602,360.452
404.949,360.570
405.296,360.682
405.643,360.772
405.990,360.858
406.337,360.960
406.684,361.064
407.031,361.164
407.378,361.252
407.725,361.315
408.072,361.396
408.419,361.491
408.766,361.570
409.113,361.650
409.460,361.718
409.807,361.796
410.154,361.900
410.501,361.966
410.848,362.050
411.195,362.130
411.542,362.226
411.889,362.308
412.236,362.383
412.583,362.479
412.930,362.589
413.277,362.689
413.624,362.791
413.971,362.899
414.318,363.012
414.665,363.121
415.012,363.231
415.359,363.337
415.706,363.481
416.053,363.609
416.400,363.714
416.747,363.847
417.094,363.990
417.441,364.118
417.788,364.231
418.135,364.401
418.482,364.545
418.829,364.688
419.176,364.834
419.523,364.972
419.870,365.096
420.217,365.228
420.564,365.407
420.911,365.560
421.258,365.676
421.605,365.815
421.952,365.922
422.299,366.052
422.646,366.200
422.993,366.313
423.340,366.428
423.687,366.558
424.034,366.655
424.381,366.728
424.728,366.804
425.075,366.874
425.422,366.950
425.769,366.990
426.116,367.081
426.463,367.138
426.810,367.175
427.157,367.232
427.504,367.242
427.851,367.243
428.198,367.281
428.545,367.300
428.892,367.271
429.239,367.312
429.586,367.329
429.933,367.311
430.280,367.286
430.627,367.295
430.974,367.291
431.321,367.254
431.668,367.229
432.015,367.240
432.362,367.223
432.709,367.226
433.056,367.195
433.403,367.192
433.750,367.187
434.097,367.161
434.444,367.148
434.791,367.171
435.138,367.176
435.485,367.166
435.832,367.184
436.179,367.179
436.526,367.203
436.873,367.237
437.220,367.283
437.567,367.321
437.914,367.359
438.261,367.385
438.608,367.427
438.955,367.458
439.302,367.498
439.649,367.525
439.996,367.559
440.343,367.640
440.690,367.718
441.037,367.753
441.384,367.788
441.731,367.836
442.078,367.890
442.425,367.949
442.772,368.006
443.119,368.044
443.466,368.074
443.813,368.140
444.160,368.174
444.507,368.212
444.854,368.243
445.201,368.275
445.548,368.298
445.895,368.315
446.242,368.333
446.589,368.345
446.936,368.355
447.283,368.380
447.630,368.376
447.977,368.388
448.324,368.386
448.671,368.381
449.018,368.373
449.365,368.357
449.712,368.355
450.059,368.344
450.406,368.316
450.753,368.285
451.100,368.261
451.447,368.245
451.794,368.216
452.141,368.211
452.488,368.167
452.835,368.143
453.182,368.119
453.529,368.101
453.876,368.086
454.223,368.044
454.570,367.999
454.917,367.949
455.264,367.925
455.611,367.896
455.958,367.860
456.305,367.846
456.652,367.812
456.999,367.800
457.346,367.768
457.693,367.715
458.040,367.681
458.387,367.647
458.734,367.604
459.081,367.562
459.428,367.544
459.775,367.503
460.122,367.473
460.469,367.436
460.816,367.401
461.163,367.350
461.510,367.290
461.857,367.249
462.204,367.207
462.551,367.158
462.898,367.095
463.245,367.033
463.592,366.971
463.939,366.920
464.286,366.867
464.633,366.803
464.980,366.742
465.327,366.665
465.674,366.598
466.021,366.522
466.368,366.433
466.715,366.342
467.062,366.266
467.409,366.190
467.756,366.102
468.103,366.018
468.450,365.951
468.797,365.875
469.144,365.787
469.491,365.685
469.838,365.558
470.185,365.437
470.532,365.351
470.879,365.234
471.226,365.125
471.573,365.035
471.920,364.899
472.267,364.812
472.614,364.688
472.961,364.560
473.308,364.473
473.655,364.336
474.002,364.276
474.349,364.168
474.696,364.063
475.043,363.962
475.390,363.858
475.737,363.756
476.084,363.624
476.431,363.521
476.778,363.403
477.125,363.297
477.472,363.204
477.819,363.118
478.166,363.015
478.513,362.901
478.860,362.827
479.207,362.738
479.554,362.638
479.901,362.562
480.248,362.475
480.595,362.423
480.942,362.350
481.289,362.278
481.636,362.249
481.983,362.215
482.330,362.147
482.677,362.075
483.024,362.042
483.371,362.026
483.718,362.014
484.065,362.009
484.412,361.991
484.759,361.994
485.106,361.993
485.453,362.013
485.800,362.040
486.147,362.061
486.494,362.116
486.841,362.154
487.188,362.230
487.535,362.290
487.882,362.382
488.229,362.453
488.576,362.555
488.923,362.652
489.270,362.741
489.617,362.841
489.964,362.943
490.311,363.073
490.658,363.188
491.005,363.307
491.352,363.444
491.699,363.585
492.046,363.733
492.393,363.882
492.740,364.049
493.087,364.212
493.434,364.391
493.781,364.556
494.128,364.730
494.475,364.936
494.822,365.130
495.169,365.337
495.516,365.539
495.863,365.767
496.210,366.004
496.557,366.238
496.904,366.482
497.251,366.728
497.598,366.973
497.945,367.257
498.292,367.524
498.639,367.785
498.986,368.064
499.333,368.352
499.680,368.626
500.027,368.919
500.374,369.215
500.721,369.531
501.068,369.819
501.415,370.109
501.762,370.381
502.109,370.678
502.456,370.940
502.803,371.204
503.150,371.455
503.497,371.689
503.844,371.921
504.191,372.142
504.538,372.352
504.885,372.553
505.232,372.725
505.579,372.881
505.926,372.998
506.273,373.111
506.620,373.199
506.967,373.271
507.314,373.332
507.661,373.361
508.008,373.376
508.355,373.369
508.702,373.343
509.049,373.248
509.396,373.136
509.743,373.037
510.090,372.911
510.437,372.770
510.784,372.571
511.131,372.364
511.478,372.149
511.825,371.917
512.172,371.658
512.519,371.369
512.866,371.074
513.213,370.784
513.560,370.464
513.907,370.098
514.254,369.751
514.601,369.396
514.948,369.027
515.295,368.653
515.642,368.261
515.989,367.879
516.336,367.488
516.683,367.089
517.030,366.690
517.377,366.294
517.724,365.899
518.071,365.495
518.418,365.113
518.765,364.731
519.112,364.361
519.459,364.014
519.806,363.647
520.153,363.269
520.500,362.944
520.847,362.631
521.194,362.324
521.541,362.016
521.888,361.735
522.235,361.469
522.582,361.191
522.929,360.922
523.276,360.683
523.623,360.469
523.970,360.270
524.317,360.085
524.664,359.918
525.011,359.729
525.358,359.549
525.705,359.418
526.052,359.289
526.399,359.180
526.746,359.078
527.093,358.976
527.440,358.885
527.787,358.777
528.134,358.693
528.481,358.615
528.828,358.524
529.175,358.480
529.522,358.451
529.869,358.405
530.216,358.369
530.563,358.340
530.910,358.323
531.257,358.311
531.604,358.312
531.951,358.287
532.298,358.270
532.645,358.264
532.992,358.248
533.339,358.250
533.686,358.256
534.033,358.256
534.380,358.258
534.727,358.266
535.074,358.279
535.421,358.299
535.768,358.335
536.115,358.358
536.462,358.377
536.809,358.393
537.156,358.418
537.503,358.445
537.850,358.489
538.197,358.528
538.544,358.553
538.891,358.593
539.238,358.644
539.585,358.711
539.932,358.750
540.279,358.785
540.626,358.824
540.973,358.859
541.320,358.910
541.667,358.970
542.014,359.011
542.361,359.094
542.708,359.161
543.055,359.216
543.402,359.260
543.749,359.275
544.096,359.319
544.443,359.398
544.790,359.483
545.137,359.535
545.484,359.576
545.831,359.614
546.178,359.690
546.525,359.773
546.872,359.797
547.219,359.825
547.566,359.859
547.913,359.917
