,bin_center,tail,Phase,dnorm,normalized intensity,Distance_(microns),Gray_Value,Gray_Value_smooth
0,0.0245,1,1,0.024848803706680977,0.2260602594230372,17.910813333333333,1568.3320933333334,1568.4650674501345
1,0.0245,2,2,0.02487553163748396,0.4100711246905753,17.03711267605634,2845.811647887324,2845.180465990435
2,0.0245,3,2,0.024999929929553973,0.13097930019139734,19.65821686746988,909.4561566265061,908.7685621240862
3,0.0245,4,1,0.02483651647301068,0.07473133811371763,18.34766233766234,518.6816233766234,518.5055240329694
4,0.0245,5,1,0.02484462815311502,0.13119493027587573,17.473972602739725,910.2034383561643,910.2646599161478
5,0.0245,6,2,0.024719217908063515,0.17000436916410858,17.025940298507464,1180.335552238806,1179.5346737562309
6,0.0245,7,1,0.024741412392383873,0.2841737546704271,16.381838235294115,1972.5563970588234,1971.6716614600489
7,0.0245,8,2,0.02498487765383002,0.20884825283414715,19.876642857142855,1450.45725,1449.0436744804133
8,0.0245,9,1,0.024774696795185916,0.22211776174034434,18.566089743589743,1542.4086538461538,1541.1109897825731
9,0.0245,10,3,0.0248898379225482,0.13472648340638788,20.0169875,934.870975,934.7674970498825
10,0.0245,11,3,0.02481471754626674,0.13647481715762363,16.381838235294115,946.8037205882353,946.8978928215943
11,0.0245,12,1,0.024840218979050515,0.22567048693604505,17.03711267605634,1567.5332253521126,1565.760724229169
12,0.0245,13,1,0.024969099664440816,0.3841965134424744,19.439792682926832,2667.1806097560975,2665.655661497696
13,0.0245,14,2,0.024832125159791517,0.34468089643634936,17.910813333333333,2390.3688933333333,2391.4859996074056
14,0.0245,15,2,0.02471474631999498,0.58070559101775,18.784518987341773,4028.0044177215186,4029.0869182799256
15,0.07500000000000001,1,1,0.07488242927324328,0.31418402705425075,50.45614864864865,2181.5940405405404,2179.8907620610366
16,0.07500000000000001,2,2,0.07498219781832823,0.4552260004747121,47.835057142857146,3158.2228571428573,3158.4767767760145
17,0.07500000000000001,3,2,0.07530483171113755,0.163917649696383,55.698341463414636,1136.2772073170731,1137.3034258364855
18,0.07500000000000001,4,1,0.07516334751290912,0.10107570305153256,51.98512987012987,701.2634155844156,701.2896022012441
19,0.07500000000000001,5,1,0.07487918645598729,0.14511262538945788,49.14559722222222,1007.1141527777777,1006.8292602611587
20,0.07500000000000001,6,2,0.07490648533620273,0.20262602458398443,47.85671641791045,1405.665656716418,1405.8722312688117
21,0.07500000000000001,7,1,0.0749630273420815,0.3388986229439096,46.08764705882353,2354.143882352941,2351.36707730553
22,0.07500000000000001,8,2,0.07525581929861098,0.31284422336267304,56.35361445783133,2168.758554216867,2170.594854443998
23,0.07500000000000001,9,1,0.07496779584194216,0.3368480777684964,52.640397435897434,2337.910423076923,2337.1398598146156
24,0.07500000000000001,10,3,0.07498435482346519,0.12636680013980175,56.59975949367089,877.4743164556962,876.7658331924112
25,0.07500000000000001,11,3,0.07481475859335031,0.17320150627343217,45.86922388059701,1201.432567164179,1201.7172452733168
26,0.07500000000000001,12,1,0.07487575503838147,0.3214358683338675,47.835057142857146,2229.063342857143,2230.205929135523
27,0.07500000000000001,13,1,0.07521573263069452,0.4069057381762326,55.04306172839507,2821.5993086419753,2823.2181883862436
28,0.07500000000000001,14,2,0.07516773827841784,0.4546619976363668,50.674573333333335,3155.6502133333333,3154.5635779141485
29,0.07500000000000001,15,2,0.07477815019532663,0.6488269650818206,53.29567088607595,4501.860151898734,4501.730786949704
30,0.125,1,1,0.12491596890813729,0.27573273091099326,83.00142666666666,1911.6933733333333,1913.1056360384243
31,0.125,2,2,0.1250887801238114,0.47142074237265136,78.6329295774648,3271.7118591549292,3270.84012187753
32,0.125,3,2,0.12530482792847283,0.1808763234794544,91.52000000000001,1255.7173414634146,1254.9671296954366
33,0.125,4,1,0.1251633127423924,0.10624275841686369,85.40409210526316,737.3056578947369,737.1399806038302
34,0.125,5,1,0.12491365612438046,0.14051707124636606,80.81717808219179,974.6545342465754,974.9441064645036
35,0.125,6,2,0.12509372576881533,0.18979684372164884,78.68746268656717,1317.668791044776,1316.8600268330126
36,0.125,7,1,0.12518457046748985,0.3442772256275999,75.79341176470588,2388.376926470588,2388.685226203496
37,0.125,8,2,0.12522571433708218,0.3488731803073649,92.6121204819277,2423.3826385542166,2420.573159028105
38,0.125,9,1,0.1251608214461038,0.37733494448193855,86.71465384615385,2616.3700769230772,2618.0483056096323
39,0.125,10,3,0.12507888200411563,0.1622504082599337,93.1825375,1125.5845375000001,1125.7356697047785
40,0.125,11,3,0.12481473860326349,0.1888116338927572,75.35655882352941,1311.0426029411765,1310.0243839620855
41,0.125,12,1,0.12491120734141861,0.3540600886767612,78.6329295774648,2456.8821690140844,2456.561282753286
42,0.125,13,1,0.12515406445273444,0.38365476403567145,90.42787654320988,2662.444814814815,2661.8968627506238
43,0.125,14,2,0.1251676953414224,0.48893671449208304,83.21985135135135,3394.4328648648648,3392.3705070141195
44,0.125,15,2,0.124841494902318,0.6832573157597771,87.80677215189873,4741.163632911393,4740.617544119062
45,0.175,1,1,0.1749495746230069,0.21523615911518795,115.54674324324326,1494.0190405405406,1493.3646351018397
46,0.175,2,2,0.1751954340470682,0.5123049909844921,109.43084285714285,3551.746042857143,3554.5057069754293
47,0.175,3,2,0.17530484116779937,0.18445934049669624,127.34167073170731,1279.6153902439025,1279.827036704154
48,0.175,4,1,0.17516332808232624,0.10211563646321309,118.82311688311687,708.1055194805194,708.5049315689892
49,0.175,5,1,0.17494819455629756,0.13678301846927596,112.48879166666667,949.7829027777778,949.0362739430828
50,0.175,6,2,0.17490646662748474,0.18208356099332254,109.28815151515151,1262.827984848485,1263.3432585800547
51,0.175,7,1,0.17503689526745292,0.30639540747384975,105.28077611940299,2123.8540895522387,2125.851287070183
52,0.175,8,2,0.17519560937555334,0.33972721269371486,128.87065060240963,2354.7966024096386,2357.1160491997216
53,0.175,9,1,0.17503214657579347,0.3795527274130015,120.5705064935065,2634.738727272727,2633.435862287827
54,0.175,10,3,0.1751733988809583,0.18689052961553226,129.76530379746836,1294.9663924050633,1296.695261198771
55,0.175,11,3,0.1751851306217042,0.20466823509484858,105.06235294117647,1418.8628235294118,1420.041620682259
56,0.175,12,1,0.17494673116056264,0.3034525773798845,109.43084285714285,2106.5071857142857,2105.4331639838615
57,0.175,13,1,0.17509241950593402,0.30249264119042146,125.8127037037037,2100.797827160494,2098.7728762181264
58,0.175,14,2,0.17516771779414925,0.5669718033150166,115.76517333333335,3931.4503333333337,3933.7983155397023
59,0.175,15,2,0.17490486817333567,0.6413690766637271,122.3178987341772,4451.079392405063,4449.986011063066
60,0.225,1,1,0.22498313866471065,0.24087283065572146,148.09202666666667,1671.01008,1671.2385518161107
61,0.225,2,2,0.22494664510416632,0.5360819982602555,140.0103142857143,3721.032142857143,3719.4767877647946
62,0.225,3,2,0.2253048487331288,0.15266516327945148,163.16335365853658,1060.4293902439024,1059.2307388814265
63,0.225,4,1,0.22516331274239235,0.11138011843363858,152.24209210526314,772.7480394736842,772.7843249295065
64,0.225,5,1,0.224982667263778,0.12293550381219398,144.1603698630137,852.7676301369862,852.9586039179751
65,0.225,6,2,0.22471919685155275,0.170417507444155,139.88886567164178,1182.6653731343283,1182.4011349464154
66,0.225,7,1,0.2248891566130065,0.28422944706187225,134.76811764705883,1971.5194852941179,1972.0580698041222
67,0.225,8,2,0.2251655247081568,0.27319066860449065,165.1291686746988,1893.616481927711,1895.468144436817
68,0.225,9,1,0.22490345257498165,0.33598988875524294,154.42634615384614,2331.364782051282,2331.1855205070656
69,0.225,10,3,0.22495286994991237,0.2233638026993458,166.11801265822785,1551.1209493670885,1549.7563470947955
70,0.225,11,3,0.22518509996251843,0.23015392400090953,134.54968656716417,1596.7972089552238,1596.8679804815454
71,0.225,12,1,0.22498217790648223,0.26120604615144005,140.2287323943662,1811.8310563380282,1812.3157066215003
72,0.225,13,1,0.2250307745591335,0.21918423200431997,161.19753086419752,1520.0645925925926,1520.7573950064557
73,0.225,14,2,0.2251677008777112,0.6410548918246662,148.31044594594596,4448.916756756757,4447.806114667092
74,0.225,15,2,0.22496823940406577,0.6336910936660692,156.8290253164557,4400.780202531646,4396.714161552505
75,0.275,1,1,0.2750167592144886,0.27527582762787245,180.63735135135136,1911.0133378378378,1909.9355218369842
76,0.275,2,2,0.27505330575636583,0.46049942145527867,170.80821126760563,3195.6748732394367,3195.06514757187
77,0.275,3,2,0.27530486197245535,0.14322609414494122,198.98502439024392,993.7433292682927,993.740014220171
78,0.275,4,1,0.2751633475129091,0.13115975994272394,185.66112987012986,910.4712207792207,910.0206389674861
79,0.275,5,1,0.2750172197222517,0.12114518012989148,175.832,840.3009027777778,840.5368710477792
80,0.275,6,2,0.27490643458461267,0.14808572355987207,170.7196119402985,1027.2819104477612,1027.4573911599562
81,0.275,7,1,0.2751107660377588,0.30622154804213025,164.47389705882352,2121.7067500000003,2124.645004966488
82,0.275,8,2,0.2751354289712335,0.30041478407969496,201.3877108433735,2087.2063493975907,2084.356161393304
83,0.275,9,1,0.27509653483485913,0.21694168089771543,188.50064102564102,1503.7807307692308,1505.1979902634102
84,0.275,10,3,0.2750473660987679,0.24552799525803418,202.700775,1703.3972375,1703.5372985334375
85,0.275,11,3,0.2748147636549693,0.2571120674106127,163.81862686567163,1784.3391641791045,1783.9106138455304
86,0.275,12,1,0.2750177098615369,0.2689784245935911,171.02664285714286,1866.8210857142856,1866.2424963572557
87,0.275,13,1,0.27496913542012297,0.25717080659787955,196.58234567901235,1785.403074074074,1784.3181616540378
88,0.275,14,2,0.2748321676354295,0.6483268154660661,180.63735135135136,4499.083783783784,4498.260618407867
89,0.275,15,2,0.27503162899738426,0.5031119460643886,191.340164556962,3488.4673797468354,3490.721962510644
90,0.32499999999999996,1,1,0.32505031297640113,0.2905884820547374,213.18262666666666,2014.07492,2016.1787138945874
91,0.32499999999999996,2,2,0.3251599174873334,0.3880309887179161,201.60612857142857,2690.9155,2692.260251516665
92,0.32499999999999996,3,2,0.3249999971279767,0.1022598380203681,234.58827160493829,708.7181728395061,709.5054396001079
93,0.32499999999999996,4,1,0.3251633127423923,0.14860819838186587,219.08009210526316,1030.586,1031.0824578081636
94,0.32499999999999996,5,1,0.3250517120669113,0.13726209106370788,207.5035890410959,952.7076164383562,952.3602046112019
95,0.32499999999999996,6,2,0.32509368581543596,0.14269042628312048,201.55037313432837,989.849104477612,990.0234108190873
96,0.32499999999999996,7,1,0.3249630696862521,0.3988441838512811,193.96125373134328,2769.9623582089553,2767.2850209188205
97,0.32499999999999996,8,2,0.32510534061399476,0.218337327905303,237.64621686746986,1514.240361445783,1514.8813533785344
98,0.32499999999999996,9,1,0.3249678279168712,0.21097686324664314,222.35648051948053,1463.7054545454546,1463.8125289563466
99,0.32499999999999996,10,3,0.3251418831922795,0.25786289442853805,239.2835443037975,1788.7296962025318,1789.1200476147355
100,0.32499999999999996,11,3,0.32481477794659946,0.2458030617855364,193.30598529411765,1706.156220588235,1705.4457818763888
101,0.32499999999999996,12,1,0.3250531916935709,0.32833206213544835,201.82454929577463,2278.680084507042,2278.053521205673
102,0.32499999999999996,13,1,0.3249074827296027,0.2860655884610702,231.9671728395062,1985.2786790123457,1984.7976979496939
103,0.32499999999999996,14,2,0.3248321388159705,0.5758742382042563,213.18262666666666,3993.8665866666665,3995.565731779334
104,0.32499999999999996,15,2,0.3250949839058136,0.39752500104958355,225.85127848101266,2758.48364556962,2758.132186416531
105,0.375,1,1,0.37508391379759765,0.35416144947636824,245.72794594594592,2456.6686081081084,2457.2645504297816
106,0.375,2,2,0.3749111853585313,0.31683723301843486,232.1856,2197.6743285714288,2198.2993973611747
107,0.375,3,2,0.374999987854456,0.09857307889783173,270.40993975903615,684.6620963855421,683.9257427946636
108,0.375,4,1,0.3751633280823262,0.17768921654159278,252.4991168831169,1233.0391558441559,1232.8541501252005
109,0.375,5,1,0.37508624001230756,0.13503660937087872,239.17520833333336,937.0139583333334,936.9192319149784
110,0.375,6,2,0.37490639153901845,0.144541510713652,232.15104545454545,1003.7132727272727,1002.866717615247
111,0.375,7,1,0.37481535770822083,0.5200137501006713,223.44860294117646,3611.248029411765,3607.991089226932
112,0.375,8,2,0.3750752079786492,0.18478615175797386,273.90473493975907,1282.0307349397592,1282.0945385121743
113,0.375,9,1,0.3748391428817787,0.24080949073125466,256.21232051282055,1670.6309871794872,1670.7990828924055
114,0.375,10,3,0.37492135040934277,0.24385503847660808,275.6362405063291,1690.591670886076,1691.9298878469344
115,0.375,11,3,0.37481476618577886,0.23376741861335382,222.79332835820895,1620.4463283582088,1621.9393489985214
116,0.375,12,1,0.3750886911413042,0.386405411282704,232.62245714285714,2676.8127714285715,2680.981571097237
117,0.375,13,1,0.3748458184235025,0.3210297998750164,267.35198765432096,2222.77,2227.3885202095717
118,0.375,14,2,0.37516772462223874,0.50860809231312,245.94637333333333,3530.9007599999995,3528.8556593343765
119,0.375,15,2,0.3751583571768313,0.2921176083325887,260.36240506329113,2025.149101265823,2026.788191016533
120,0.42500000000000004,1,1,0.4251174622349477,0.4365632983517402,278.27322666666663,3032.21152,3028.9900796501333
121,0.42500000000000004,2,2,0.4250177855593647,0.2697602163864643,262.9834929577465,1871.861084507042,1871.6667718149165
122,0.42500000000000004,3,2,0.4253048960164379,0.09931366499029255,306.4500487804878,688.0502073170732,689.0641223507557
123,0.42500000000000004,4,1,0.42516331274239233,0.18856700102835414,285.91809210526316,1307.0343815789474,1308.3270573149966
124,0.42500000000000004,5,1,0.4251207183972038,0.15385621933488766,270.8467808219178,1067.097191780822,1067.494596585096
125,0.42500000000000004,6,2,0.4247191218039888,0.11488178426093108,262.7517462686567,796.3303582089552,797.0797961547883
126,0.42500000000000004,7,1,0.4250369312208285,0.52774378538034,253.15438235294118,3659.627235294118,3661.62409105247
127,0.42500000000000004,8,2,0.4250451528299905,0.20439549711499555,310.163265060241,1418.2023012048192,1418.149293410503
128,0.42500000000000004,9,1,0.42503220205969794,0.30862326384572936,290.28660256410257,2139.782987179487,2141.308735909301
129,0.42500000000000004,10,3,0.42501586731025975,0.23154099584584284,312.2190125,1607.8025499999999,1606.4918468805938
130,0.42500000000000004,11,3,0.4248147768383365,0.24028274043993061,252.28067647058822,1666.811088235294,1667.1443519223558
131,0.42500000000000004,12,1,0.42512416734357866,0.43316570731185455,263.42033802816906,3009.6812253521125,3005.4167064568837
132,0.42500000000000004,13,1,0.42478418896414183,0.35212219827149016,302.7368271604938,2444.298135802469,2443.1156934534592
133,0.42500000000000004,14,2,0.4251676958027798,0.3897348662891846,278.49164864864866,2702.4647702702705,2704.0821987114846
134,0.42500000000000004,15,2,0.425221730447849,0.256447316148129,294.8735189873418,1776.5167088607595,1779.298396127962
135,0.475,1,1,0.4751510845390612,0.5008675579142683,310.81855405405406,3471.6212027027027,3475.149811880333
136,0.475,2,2,0.47512440867497585,0.21399146223317095,293.7814,1485.348857142857,1484.7286033464552
137,0.475,3,2,0.47500003159225535,0.10756849452509312,342.0532962962963,747.426938271605,746.3382836568401
138,0.475,4,1,0.475163347512909,0.22215174825326192,319.33712987012984,1543.6184675324675,1541.3467970775469
139,0.475,5,1,0.4751552529885161,0.1764735337337643,302.5184027777778,1224.3516805555555,1224.4194255873927
140,0.475,6,2,0.4749063757343647,0.11091786567252708,293.5825074626865,770.0225373134328,769.5770946538878
141,0.475,7,1,0.47525849368354545,0.6616008375462135,282.86016176470594,4585.6124852941175,4590.359247288549
142,0.475,8,2,0.47501504971338276,0.22203921657076917,346.42180722891567,1540.3978674698794,1540.5660229006892
143,0.475,9,1,0.47522530320481404,0.3219611027956093,324.36091025641025,2237.5386153846152,2233.850142884395
144,0.475,10,3,0.47511037905927284,0.25317214906610525,348.80179746835444,1756.8770379746834,1756.5744322993448
145,0.475,11,3,0.47518513560888764,0.2194830656629862,281.98645588235297,1526.2584558823528,1522.8307809071555
146,0.475,12,1,0.4751596569483131,0.46287933810082915,294.2182571428571,3207.3787142857145,3211.5776302679265
147,0.475,13,1,0.47503081428111127,0.46573674735030135,338.34008536585367,3234.3548536585367,3231.4030812456645
148,0.475,14,2,0.4751677337263581,0.3383565025334153,311.0369733333333,2346.88832,2347.6057044380377
149,0.475,15,2,0.47528513432318065,0.2730613883110312,329.3846708860759,1894.7450506329114,1894.5711640267334
150,0.525,1,1,0.5248488739108841,0.6277132470244818,343.1454189189189,4354.402027027027,4355.238301709496
151,0.525,2,2,0.5248757178655191,0.21825042494855842,324.36089999999996,1513.8944571428572,1514.2783979884102
152,0.525,3,2,0.525000038305177,0.11293428522260412,377.8749759036144,783.2558072289157,783.5675396515683
153,0.525,4,1,0.5251633324286408,0.23346609714609032,352.7561052631579,1618.8610921052632,1619.8487020326113
154,0.525,5,1,0.5248447250699418,0.19489280215182833,333.97158333333334,1352.9755833333334,1352.2171161476683
155,0.525,6,2,0.5250936296647406,0.11358425334126754,324.4132686567164,787.200104477612,788.0771880598367
156,0.525,7,1,0.5251108259875388,0.7019706027100936,312.3475223880597,4875.978194029851,4870.455211976532
157,0.525,8,2,0.5249849465967751,0.261616467522961,382.6803012048193,1816.3422289156626,1815.1633171913927
158,0.525,9,1,0.5250965821433357,0.381623489673538,358.2167142857143,2648.161,2647.80335119072
159,0.525,10,3,0.5248898366466093,0.25445703112809864,385.15448101265827,1765.9092784810127,1765.4892793192216
160,0.525,11,3,0.5251851666071687,0.1771706499924713,311.47382089552235,1227.9896567164178,1229.256200093996
161,0.525,12,1,0.524840343051687,0.5552255474867892,324.79774285714285,3855.4423857142856,3852.2997275661737
162,0.525,13,1,0.5252774211359192,0.5180121429978786,373.9433209876543,3589.5224691358026,3594.103416853631
163,0.525,14,2,0.5251677359408736,0.2548908920178626,343.58227027027027,1768.2715135135136,1768.49951938293
164,0.525,15,2,0.5250316227064975,0.3199145120956439,363.67734615384614,2219.649358974359,2219.6503625760083
165,0.575,1,1,0.5748824603280618,0.717760538457869,375.69072,4981.82484,4980.009906379152
166,0.575,2,2,0.5749822933693142,0.2881724771869956,355.1587887323944,2001.6867183098593,1999.4158416962007
167,0.575,3,2,0.5753048960164379,0.13751100374496403,413.9150487804878,953.5636707317074,954.0872257443812
168,0.575,4,1,0.5751633280823262,0.2534556795224608,386.1751168831169,1758.3497922077922,1758.5416405892358
169,0.575,5,1,0.5748792166798771,0.21855010296503644,365.6431780821918,1516.5813835616439,1516.3576422639328
170,0.575,6,2,0.5752808916937745,0.127338929685583,355.2440447761194,883.598776119403,883.5107216459836
171,0.575,7,1,0.5749631323160428,0.739072329761342,341.83486764705884,5124.394529411765,5127.876675485754
172,0.575,8,2,0.5749548342555617,0.3427059639051994,418.93883132530124,2375.935554216868,2377.7834023725554
173,0.575,9,1,0.5749678902681351,0.5081415303594202,392.07257692307695,3523.005474358975,3525.61853075615
174,0.575,10,3,0.5749843533067831,0.22722937646598376,421.73725,1577.2781375,1576.5767065604425
175,0.575,11,3,0.5751851816018015,0.1399129022222012,340.9611911764706,969.7537205882353,970.7522241245621
176,0.575,12,1,0.5748757868919243,0.6095546292030802,355.5956338028169,4230.549056338028,4229.24907300235
177,0.575,13,1,0.5752157413423795,0.5415396758015024,409.32812345679014,3760.6092716049384,3757.3435786580753
178,0.575,14,2,0.5751677382784177,0.2621337856930333,376.1275733333333,1817.5640533333333,1818.752605643005
179,0.575,15,2,0.5747781206111565,0.4402673105918674,397.9700379746836,3057.259898734177,3054.6894830874076
180,0.625,1,1,0.6249160007939569,0.8120678835480037,408.236,5639.6899459459455,5634.338874926586
181,0.625,2,2,0.6250889256872091,0.4212717856052805,385.95667142857144,2919.2016285714285,2922.8935740878374
182,0.625,3,2,0.6250000143601161,0.16113292381556782,449.5182839506173,1118.2670493827159,1117.9822710362987
183,0.625,4,1,0.6251633127423922,0.25099281163469656,419.5940921052632,1742.8488684210527,1741.4536205296195
184,0.625,5,1,0.62491371122871,0.24038421588231826,397.3147638888889,1666.2534861111112,1667.8484150203776
185,0.625,6,2,0.6250935974991616,0.16162897124341336,385.84472727272725,1121.8111212121212,1121.42397752801
186,0.625,7,1,0.6251846975412324,0.6828075772763726,371.54064705882354,4740.873852941177,4737.497141167617
187,0.625,8,2,0.6249247163795851,0.5462168400843381,455.1973253012048,3790.986409638554,3789.7949648994095
188,0.625,9,1,0.625160953642774,0.6781012895461596,426.146858974359,4703.672474358974,4704.843688848982
189,0.625,10,3,0.6250788845559931,0.18276994664405988,458.3200379746836,1266.7369620253164,1268.1055813285475
190,0.625,11,3,0.6251851691379783,0.1070054521003963,370.4485223880597,742.4358208955224,742.4317483954753
191,0.625,12,1,0.6249112856495581,0.6300013737735174,386.39352857142853,4369.3498714285715,4371.113922152118
192,0.625,13,1,0.625154090587789,0.6697639598393549,444.712950617284,4650.999333333333,4646.997119822154
193,0.625,14,2,0.6251676953414224,0.35878396348101116,408.67285135135137,2491.3925135135137,2489.336758780714
194,0.625,15,2,0.624841489801599,0.5677085410973484,432.481164556962,3939.024607594937,3938.9099945159514
195,0.675,1,1,0.6749495822559057,0.9176619190517634,440.78130666666664,6358.899946666666,6366.977846683239
196,0.675,2,2,0.674840159986439,0.44790920157574016,416.5361571428571,3106.9990857142857,3107.7109167885715
197,0.675,3,2,0.6750000439108128,0.17995335131155066,485.33997590361446,1249.1200481927713,1248.563307956576
198,0.675,4,1,0.6751632892211604,0.20427839077910587,453.0130909090909,1417.4824805194805,1417.3367790946795
199,0.675,5,1,0.6749482230101695,0.2522545103183498,428.9863698630137,1751.4078493150685,1750.2076152211619
200,0.675,6,2,0.6749063168841167,0.18981656702441238,416.4454029850746,1318.622223880597,1316.9968722541332
201,0.675,7,1,0.6750369667618947,0.5791157109838139,401.0279850746269,4016.789626865672,4018.0559157453367
202,0.675,8,2,0.6748946446266364,0.5870821828495225,491.4558795180723,4075.1919879518073,4073.329376299965
203,0.675,9,1,0.6750322316002442,0.7088581316922248,460.00266233766234,4921.47674025974,4918.242685268366
204,0.675,10,3,0.6748583209579305,0.13947777577296602,494.6727215189873,968.5971012658229,967.7332032790104
205,0.675,11,3,0.6751851555576214,0.10496744964226808,399.93585294117645,728.3716029411764,728.2915555499482
206,0.675,12,1,0.6749467625419321,0.5150909562449862,417.19142253521125,3571.74661971831,3573.83546091523
207,0.675,13,1,0.6750924456409886,0.7566716086983739,480.09777777777776,5245.028827160494,5249.985065060718
208,0.675,14,2,0.6751676973098806,0.4305825986931309,441.21816,2986.7593733333333,2987.4944248305696
209,0.675,15,2,0.6749048447100283,0.4886834778889794,466.99227848101265,3390.7519367088607,3390.61348538289
210,0.725,1,1,0.7249831692270841,0.7323102096439736,473.32660810810813,5086.668445945947,5080.959321621507
211,0.725,2,2,0.7249467680801402,0.3116431803307262,447.33404225352115,2165.072661971831,2162.2617044913222
212,0.725,3,2,0.7250000890327197,0.15009693481269076,521.1616790123456,1041.0526296296298,1041.4116996322186
213,0.725,4,1,0.7251633127423923,0.11807495856649053,486.43209210526317,817.685947368421,819.2348727053151
214,0.725,5,1,0.7249826973874781,0.17814395584774537,460.65794444444447,1235.6588194444444,1236.0092500897726
215,0.725,6,2,0.7250936032091245,0.16989556012431398,447.27617910447765,1177.095014925373,1178.7797282457898
216,0.725,7,1,0.7248892781618038,0.3453276401217919,430.5153529411765,2397.1712058823528,2395.9732760566126
217,0.725,8,2,0.7248645894779777,0.41564093097564553,527.714421686747,2880.8829277108434,2883.825235366943
218,0.725,9,1,0.7249035784765723,0.44526111039546096,493.8585512820512,3087.7498333333333,3089.337769193804
219,0.725,10,3,0.7249528335976934,0.09525067218984813,531.2554875,660.8774500000001,660.8740181145529
220,0.725,11,3,0.7251851716687877,0.1165366159029031,429.423223880597,808.6041194029851,808.5614498942325
221,0.725,12,1,0.7249822334050152,0.34523285647485513,447.9893285714286,2396.8213714285716,2395.315642381568
222,0.725,13,1,0.7250308355409276,0.8766162141785809,515.4826296296296,6086.922086419753,6082.192035914176
223,0.725,14,2,0.7251677008777111,0.34598327593038153,473.763445945946,2401.328581081081,2400.5222483765006
224,0.725,15,2,0.7249682547062228,0.24668451595334198,501.5034303797468,1708.9738860759494,1711.5615408969697
225,0.775,1,1,0.7750167884534158,0.26369568408023897,505.87192,1827.63264,1829.5894642111198
226,0.775,2,2,0.7750533962151789,0.13502879326606795,478.1319428571428,936.0988571428571,936.8650017402875
227,0.775,3,2,0.774695213680839,0.09286686573334375,556.7649146341463,644.0630731707317,644.3345468951007
228,0.775,4,1,0.775163347512909,0.08788884527192516,519.8511298701299,610.2363116883117,609.7957419821332
229,0.775,5,1,0.7750172509814349,0.12363921258976399,492.3295753424658,857.7146712328768,857.8411190406846
230,0.775,6,2,0.7749062852093656,0.09917200208741328,477.8768636363636,688.6283484848484,688.0812281654316
231,0.775,7,1,0.7751108102373214,0.18672667933460746,460.22110294117647,1294.5529852941177,1295.5584251950506
232,0.775,8,2,0.7748344752918433,0.15091655644752677,563.9729397590362,1048.2154939759037,1047.0984484046376
233,0.775,9,1,0.7750966796216884,0.19374012912875285,527.932858974359,1345.2457435897436,1344.2195699380854
234,0.775,10,3,0.7750473688673144,0.08871333610680124,567.8382658227848,615.2964810126582,615.5162745349866
235,0.775,11,3,0.7751851267427837,0.12684940454786295,458.9105441176471,880.1073529411765,880.1142685050721
236,0.775,12,1,0.775017740734412,0.18468102672122844,478.78721126760564,1281.4840563380283,1281.3651535761821
237,0.775,13,1,0.7749691905941272,0.5342802822197543,550.8674444444445,3710.6754814814813,3706.976011740724
238,0.775,14,2,0.7748321676354295,0.17154316050658236,506.0903513513514,1190.5105945945945,1190.211209618504
239,0.775,15,2,0.7750316647024172,0.13294116995071112,536.0145696202532,922.4119367088608,922.3805264393714
240,0.825,1,1,0.8250504046019659,0.11613140338429907,538.4172432432432,804.7765675675676,805.7499797050626
241,0.825,2,2,0.8248046976583449,0.1544827633256695,508.71145714285717,1072.594357142857,1071.8417222818912
242,0.825,3,2,0.8250000943615339,0.07991335968738623,592.8050120481928,554.5221445783133,554.4597418942442
243,0.825,4,1,0.8251633521148891,0.08148507181254787,553.2701184210526,565.3634868421053,565.3646907370687
244,0.825,5,1,0.8250518005678042,0.11087122309086178,524.0012083333334,768.8756527777778,769.2534762515007
245,0.825,6,2,0.8247189825070715,0.08282370297501969,508.4775223880597,574.4204029850747,574.6524630412141
246,0.825,7,1,0.8249631580029155,0.15354076462544758,489.7084776119403,1066.3276865671642,1065.3058894970734
247,0.825,8,2,0.8248043666404723,0.13723173151610657,600.2314457831325,952.1404457831326,952.1495621480028
248,0.825,9,1,0.8249679767096602,0.15476569246936572,561.7886753246754,1072.8075324675326,1073.804758507647
249,0.825,10,3,0.8248268033433063,0.08142769941533642,604.1909493670886,564.8858860759494,564.9666260746123
250,0.825,11,3,0.8251851741995974,0.13601925179712357,488.39792537313434,944.0591940298508,943.7370614764108
251,0.825,12,1,0.8250532688394374,0.1609147256618285,509.5851571428572,1116.9079285714286,1116.4683553095992
252,0.825,13,1,0.8249075456473267,0.16382570367864507,586.2522716049383,1130.4735061728395,1136.665480373266
253,0.825,14,2,0.8248322002687763,0.12807944555601022,538.6356666666667,888.8898266666666,888.6486139832831
254,0.825,15,2,0.8250950012482582,0.129694654914736,570.5256708860759,900.8757974683543,899.8553579826299
255,0.875,1,1,0.8750839490997552,0.10801058960117606,570.9625199999999,749.8329466666667,749.4056546538368
256,0.875,2,2,0.8749113497265958,0.13194024054357903,539.5093661971831,914.6752535211267,915.4358170327861
257,0.875,3,2,0.8750000890327198,0.08641012267638566,628.6266790123457,599.5001111111111,599.5359787602721
258,0.875,4,1,0.8751633475129089,0.08213379428362924,586.6891298701299,569.5553636363636,569.8656965173769
259,0.875,5,1,0.8750863005936734,0.11288065837998916,555.672794520548,783.6621643835617,783.1954626242574
260,0.875,6,2,0.8749062607334215,0.08321313769503304,539.3082985074627,577.1691343283583,577.3544627467445
261,0.875,7,1,0.8748154903069089,0.15640997974962936,519.1958382352941,1084.6399852941177,1085.2132527141403
262,0.875,8,2,0.8747742690586279,0.13546423836329305,636.4899759036144,939.4440120481928,939.8862334487401
263,0.875,9,1,0.874839285570248,0.1471818512013788,595.6445384615384,1021.5394487179487,1021.1860888826396
264,0.875,10,3,0.8749213176923456,0.07530798469037603,640.773725,522.2499375,522.5064484504755
265,0.875,11,3,0.8751852170662171,0.10726693150894052,517.8853088235294,743.9348529411765,744.2459607617084
266,0.875,12,1,0.8750887926585815,0.15242916724795222,540.3830704225352,1057.6048591549297,1057.593336834697
267,0.875,13,1,0.8748458639178569,0.12593239008730203,621.6370740740741,873.2691851851853,873.7517828943445
268,0.875,14,2,0.8751677314503282,0.1304690732503072,571.3993733333333,904.8654533333333,905.2284744695188
269,0.875,15,2,0.8751583704387006,0.13611838736462173,605.0367974683544,943.5520379746836,944.4248899118886
270,0.925,1,1,0.9251175291767021,0.10477353759732295,603.5078243243242,727.2512972972972,726.9461431832169
271,0.925,2,2,0.9250179235572484,0.1196837841630068,570.3072571428571,830.6399285714285,830.3973244966903
272,0.925,3,2,0.9246951966588477,0.09040057233040193,664.2299024390244,627.3516829268293,627.2227597173373
273,0.925,4,1,0.9251633127423923,0.07811969047286853,620.1080921052632,542.055644736842,542.0147968485647
274,0.925,5,1,0.9251208135440128,0.11281016536846472,587.3444027777778,782.7579722222222,782.7063637160387
275,0.925,6,2,0.925093533560666,0.08440904237561267,570.1390746268656,585.7827313432836,585.6519614768467
276,0.925,7,1,0.9250370776318799,0.14213693778945768,548.9016323529412,985.8089117647058,986.1831632242142
277,0.925,8,2,0.9247441438029669,0.1347354881529982,672.7484698795181,934.533734939759,934.8299743315399
278,0.925,9,1,0.9250323300596484,0.141682914486258,629.7188076923077,983.3623461538463,983.033031074961
279,0.925,10,3,0.9250158512526901,0.07356242558462353,677.3565063291139,510.5283924050633,510.39530389313524
280,0.925,11,3,0.9251852273465969,0.07871309724426434,547.372656716418,546.3256268656717,546.1320078705206
281,0.925,12,1,0.9251242449616186,0.14298495528895874,571.1809428571428,992.354842857143,992.0669299152219
282,0.925,13,1,0.9247841996117567,0.11208856881130555,657.021888888889,777.5170493827161,777.6997385109493
283,0.925,14,2,0.9251677304045848,0.1258912042586482,603.9446756756757,873.7337972972973,873.4660248682218
284,0.925,15,2,0.9252217314679927,0.13538098104467683,639.5479113924051,939.2219493670887,939.3085724472337
285,0.975,1,1,0.9751511143012114,0.10175502885272415,636.0531333333333,705.9516,706.0029418714099
286,0.975,2,2,0.9751245549294542,0.12679336358102355,601.1051408450704,877.1177887323944,879.7254416539571
287,0.975,3,2,0.9750000775446268,0.09492542071334734,700.2700000000001,657.8477951807229,658.6173385003203
288,0.975,4,1,0.9751633086517433,0.07969125094256518,653.5271038961039,553.2927792207793,552.9186934662007
289,0.975,5,1,0.9751552852829928,0.10607948131293218,619.0159726027397,735.789397260274,736.0071214516527
290,0.975,6,2,0.9752807496973046,0.09434447597512519,600.9698358208955,655.4179701492537,654.5865923163338
291,0.975,7,1,0.9752586262822334,0.1492244217500221,578.6073970588235,1035.996705882353,1035.3579763321459
292,0.975,8,2,0.975015058542648,0.12681220766133955,709.2254166666667,880.040630952381,879.8561868003145
293,0.975,9,1,0.9752253703523289,0.1406959363095113,663.7930512820512,975.9898333333333,976.1851189451874
294,0.975,10,3,0.9751103845963659,0.06405995381704961,713.9392875000001,444.11260000000004,444.46467521956663
295,0.975,11,3,0.9751852159579542,0.07444653903308217,576.86,516.5145588235293,516.5295136967931
296,0.975,12,1,0.9751597352564525,0.13986090074835486,601.9788591549296,969.8203802816902,970.3914243298876
297,0.975,13,1,0.9750308142811113,0.10856657326686474,692.6251463414634,753.337524390244,753.2632144033092
298,0.975,14,2,0.975167733726358,0.1295775963509781,636.4899733333333,898.8616133333334,899.0431751223217
299,0.975,15,2,0.9752850843361346,0.13702428941258898,674.0590253164557,950.1010379746835,950.7102747043976
300,0.0245,21,3,0.024682601413433907,0.2034341362612365,16.287861111111113,2826.4836944444446,2823.0929166328388
301,0.0245,23,3,0.02450325725264149,0.23821187668448732,17.04544736842105,3313.0809210526313,3305.71001546279
302,0.0245,24,3,0.02440628123267518,0.17823131348284327,17.04544736842105,2467.6710263157893,2473.348710608985
303,0.0245,25,1,0.024339304780999892,0.18173659152984112,16.287861111111113,2536.2470833333336,2521.9920986222965
304,0.0245,26,2,0.024774717909346523,0.36244855605761156,19.696955555555558,5033.986288888889,5029.765259927101
305,0.0245,27,3,0.024901649480487346,0.25916428335967095,17.424230769230768,3593.8313589743593,3596.47041565032
306,0.0245,29,1,0.02494056486745529,0.3525689547551996,18.939372093023255,4893.7430232558145,4892.664215979493
307,0.07500000000000001,21,3,0.07475312682576099,0.23260700820381147,43.181828571428575,3234.863885714286,3227.9302249258876
308,0.07500000000000001,23,3,0.07483437784645944,0.32815270141829284,45.83331578947368,4555.788078947368,4553.835378730566
309,0.07500000000000001,24,3,0.0745382074212225,0.21397847264613476,45.83331578947368,2984.3941315789475,2969.41861155247
310,0.07500000000000001,25,1,0.07440883375256063,0.21269221317841305,43.560611111111115,2940.97125,2951.568952399818
311,0.07500000000000001,26,2,0.07488736297953176,0.41520697140580326,53.40909090909091,5761.470886363637,5761.903491000534
312,0.07500000000000001,27,3,0.07536036785061362,0.32527290685774873,46.5908947368421,4512.771368421053,4513.871940073496
313,0.07500000000000001,29,1,0.07541564604663334,0.35918460275281466,51.136380952380954,4985.403166666666,4984.470779736423
314,0.125,21,3,0.12482365404404511,0.2951308088971139,70.07575,4076.5212500000002,4095.5845041052808
315,0.125,23,3,0.12516551377663232,0.39322164143390886,74.62121052631578,5452.387184210526,5456.8090242892595
316,0.125,24,3,0.12467014888542839,0.21468200852294791,74.62121052631578,2972.9725263157898,2979.1817082821053
317,0.125,25,1,0.12447837405673291,0.18848366292091112,70.83333333333333,2612.919027777778,2615.6224489765077
318,0.125,26,2,0.1249999646730037,0.43340372188063625,87.12122222222222,6009.010088888889,6014.423143382123
319,0.125,27,3,0.12516379483101958,0.36583778591338884,75.37878947368422,5065.422552631579,5076.798225851751
320,0.125,29,1,0.12529690010543212,0.3898521851869323,82.95454761904762,5414.406547619048,5410.050460369934
321,0.175,21,3,0.17489419045629218,0.3627010803540952,96.96968571428572,5051.127571428571,5033.269586023904
322,0.175,23,3,0.1748343990962918,0.4557734284048599,103.03032432432433,6326.731162162163,6324.851674189736
323,0.175,24,3,0.1748020954415205,0.2569692819016482,103.40910526315788,3562.2543947368417,3566.0099767975926
324,0.175,25,1,0.17454790869459944,0.205589714272518,98.10605555555556,2848.87675,2853.006269065903
325,0.175,26,2,0.17511256569914158,0.40574609004970275,120.83331818181819,5650.368613636363,5630.613100742661
326,0.175,27,3,0.17496721675290702,0.4863351148990807,104.16668421052631,6753.183921052631,6748.961817393014
327,0.175,29,1,0.1751781292801633,0.327296693866394,114.77271428571427,4534.824214285714,4541.956404529075
328,0.225,21,3,0.22496471816710997,0.49403099620152957,123.8636388888889,6823.5701944444445,6855.758977355839
329,0.225,23,3,0.22450328179080942,0.5374516992679392,131.4393947368421,7448.380973684211,7458.316058064207
330,0.225,24,3,0.22493402672195395,0.3497901386957209,132.19697368421052,4863.523394736842,4854.102074549767
331,0.225,25,1,0.22461746033138322,0.21541470870471938,125.37877777777778,2997.8665,2989.3495234344173
332,0.225,26,2,0.22522521143666085,0.3373936129766201,154.54546666666667,4668.325977777778,4682.073207656405
333,0.225,27,3,0.2247706234992387,0.5693485694270192,132.95455263157896,7903.540684210526,7900.954790500057
334,0.225,29,1,0.22505936260223905,0.2814428012314256,146.59090476190477,3909.0354523809524,3905.6335047597304
335,0.275,21,3,0.27503525999722805,0.6802930669675877,150.75757142857142,9469.7794,9440.551983490175
336,0.275,23,3,0.27483440238462736,0.6115310759089565,160.22726315789475,8473.632947368422,8486.329189524493
337,0.275,24,3,0.2750659580023875,0.43461441749797736,160.98484210526317,6021.342,6031.224189088262
338,0.275,25,1,0.2746870006355555,0.2530834009039345,152.65152777777777,3516.5811388888887,3512.084891651428
339,0.275,26,2,0.2753378134637998,0.39136883967886077,188.2575681818182,5439.566477272727,5431.097353638842
340,0.275,27,3,0.2745740403626076,0.697609715479009,161.74242105263158,9689.608552631578,9680.858299091196
341,0.275,29,1,0.27494063739776087,0.2459925920356313,178.40909523809523,3409.3745,3413.684433118754
342,0.32499999999999996,21,3,0.32510579378262855,0.7055433311128865,177.65152777777777,9803.764055555555,9790.954542086156
343,0.32499999999999996,23,3,0.32516552297844525,0.7243684944178947,189.01515789473683,10090.798342105263,10052.194794865463
344,0.32499999999999996,24,3,0.32519788419093476,0.5211935759224694,189.77273684210525,7221.373342105263,7232.699090834089
345,0.32499999999999996,25,1,0.3247565409397278,0.30182264287389526,179.92425,4184.990694444445,4188.448314704279
346,0.32499999999999996,26,2,0.32488735171826966,0.46946245540325415,221.5909090909091,6489.306318181818,6514.816819002683
347,0.32499999999999996,27,3,0.32503275393362646,0.7460585692929386,190.90907692307692,10345.397794871795,10353.191952305848
348,0.32499999999999996,29,1,0.3248218707198366,0.2287176953214133,210.22728571428573,3178.6107857142856,3173.9575148848976
349,0.375,21,3,0.37517632362775927,0.7447913794751956,204.54545714285715,10313.077342857143,10335.606926192504
350,0.375,23,3,0.37549664868438154,0.761712669240543,217.80302631578945,10508.907184210526,10570.426775775175
351,0.375,24,3,0.3753298103794821,0.5932030586589759,218.5606052631579,8241.283210526315,8231.987923966673
352,0.375,25,1,0.3748260755775943,0.29674640778315176,207.19697222222223,4109.6478611111115,4118.004466925269
353,0.375,26,2,0.3749999967884549,0.37716966090223913,255.30304444444445,5254.843288888889,5234.052738792056
354,0.375,27,3,0.3754914704878743,0.8603461860171308,220.07576315789476,11936.301289473684,11939.182224944248
355,0.375,29,1,0.3747030998945678,0.22587993132181078,242.04545238095238,3133.9367142857145,3134.5773420506484
356,0.42500000000000004,21,3,0.42524685790569344,0.7845748522022258,231.43938888888886,10868.31988888889,10887.68949266262
357,0.42500000000000004,23,3,0.4251655252996233,0.8545101148903043,246.2121081081081,11883.303378378378,11858.193992772867
358,0.42500000000000004,24,3,0.4254617467518019,0.6853859335143805,247.34847368421052,9527.02902631579,9511.226629042994
359,0.42500000000000004,25,1,0.4248956102154608,0.33748025827387884,234.46969444444443,4672.623861111111,4683.275600378915
360,0.42500000000000004,26,2,0.4251125994829279,0.3103516058105009,289.0151363636364,4328.086545454546,4306.806301692442
361,0.42500000000000004,27,3,0.42529488735124316,0.8775680464261205,248.86363157894735,12181.353552631579,12178.173148618069
362,0.42500000000000004,29,1,0.4245843539533667,0.2603977393396676,273.86361904761907,3612.779642857143,3613.5873110942352
363,0.475,21,3,0.47531738134788565,0.748189967916241,258.33334285714284,10408.095800000001,10382.76976292579
364,0.475,23,3,0.47483440647432207,0.8401434815003469,274.6212105263158,11666.272078947368,11658.825579465047
365,0.475,24,3,0.4749340660120489,0.6994840807011069,275.7575675675676,9693.962108108108,9706.869209938983
366,0.475,25,1,0.47496515051963306,0.4057038110976976,261.7424166666667,5659.7418333333335,5630.026387951377
367,0.475,26,2,0.4746621414911518,0.16704353356392193,322.3484772727273,2301.3916363636363,2318.0938314504756
368,0.475,27,3,0.4750983193901677,0.9074265157627713,277.65152631578945,12597.501394736842,12592.524618017253
369,0.475,29,1,0.4750594351325447,0.2933011301341989,306.0606279069767,4064.1476744186048,4070.1937154685797
370,0.525,21,3,0.5246826954873766,0.7591994695996966,284.84848571428574,10510.92957142857,10535.550642228704
371,0.525,23,3,0.5251655475166133,0.7557183993632106,303.4091052631579,10480.239289473684,10487.24319045323
372,0.525,24,3,0.5244063728866267,0.6680232386024255,304.16668421052634,9272.62397368421,9270.281319074693
373,0.525,25,1,0.5250346794911939,0.4814581026445497,289.0151666666667,6680.263777777777,6681.28262154548
374,0.525,26,2,0.524774782140249,0.16405274943935688,356.0606222222222,2267.7930888888886,2276.590170204581
375,0.525,27,3,0.5249017362535365,0.7883862375585861,306.43939473684213,10939.546868421054,10940.580788095367
376,0.525,29,1,0.5255344956714496,0.4197565692326672,338.2575714285714,5826.352476190476,5825.039096629937
377,0.575,21,3,0.5747532282877096,0.6544191864887193,311.7424166666667,9125.15463888889,9081.495386361858
378,0.575,23,3,0.5754966732225495,0.6567909769337308,332.19697368421055,9138.612368421052,9114.409158495217
379,0.575,24,3,0.5745382990751741,0.6317563034041009,332.9545526315789,8777.9665,8766.998390515957
380,0.575,25,1,0.575104225461672,0.5822489080197245,316.2878611111111,8081.168277777779,8079.9751612822
381,0.575,26,2,0.574887381748302,0.201947424780131,389.77272727272725,2812.9510454545457,2802.4615480310827
382,0.575,27,3,0.5747051429998683,0.7868261604546444,335.22726315789475,10925.577710526315,10918.931311254946
383,0.575,29,1,0.5754157248461808,0.5640946089016373,370.0757380952381,7838.367714285715,7828.044614184185
384,0.625,21,3,0.6248237532075029,0.45034204389226706,338.6363714285714,6233.614828571429,6249.47935257838
385,0.625,23,3,0.6251655473508148,0.36343001202763464,360.6060540540541,5044.753216216216,5043.3851048945235
386,0.625,24,3,0.6246702354474938,0.5749364127600929,361.7424210526316,7918.5795,7978.498319933081
387,0.625,25,1,0.6251737544332326,0.6233153508996456,343.56061111111114,8637.301,8649.86174047822
388,0.625,26,2,0.6249999958708706,0.28097039519340744,423.48484444444443,3916.9011333333333,3899.0778393035116
389,0.625,27,3,0.6245085497462001,0.6777095871827715,364.01515789473683,9405.945657894737,9404.70055946263
390,0.625,29,1,0.6252969913470133,0.5995463429183369,401.8939523809523,8318.288833333334,8320.014846045251
391,0.675,21,3,0.6748942866645478,0.27103898401404297,365.53030555555557,3763.469555555556,3761.2578201665633
392,0.675,23,3,0.674834415676135,0.20070809576631182,389.01515789473683,2780.8481578947367,2785.2631514168693
393,0.675,24,3,0.6748021616360411,0.37559643370699036,390.5302894736842,5260.041184210527,5212.22077571651
394,0.675,25,1,0.6752432947374049,0.6261282775287547,370.8333333333333,8669.687611111112,8688.897240555
395,0.675,26,2,0.6751126295129602,0.4230384176388167,457.1969772727273,5851.728681818182,5870.581910432662
396,0.675,27,3,0.6749672657816255,0.46362369184474334,393.18182051282054,6432.738641025641,6433.791223461731
397,0.675,29,1,0.6751782371111229,0.6269407411827485,433.712119047619,8689.669595238096,8700.171948078354
398,0.725,21,3,0.7249648168380342,0.20289690997971363,392.42422857142856,2809.926542857143,2815.637728738273
399,0.725,23,3,0.7251655413820712,0.20821256977992536,417.80302631578945,2876.1561315789477,2889.404117236304
400,0.725,24,3,0.7249340878245885,0.18899169338090938,419.31818421052634,2620.8396315789473,2622.67248108721
401,0.725,25,1,0.7253128293752715,0.6650882243396856,398.10605555555554,9250.934694444444,9229.551586456382
402,0.725,26,2,0.7252252242828414,0.45045634758688335,490.9090888888889,6246.590977777777,6251.065565966885
403,0.725,27,3,0.7254259899885039,0.2534609858414125,422.34847368421055,3511.960342105263,3517.324707259624
404,0.725,29,1,0.725059466285854,0.54790247712165,465.53030952380954,7606.267190476191,7603.343424042883
405,0.775,21,3,0.7750353392951589,0.24982992133331383,419.31819444444443,3467.454527777778,3466.9357573958364
406,0.775,23,3,0.7754966670880075,0.29074754169856976,446.59089473684213,4044.690447368421,4034.757099190165
407,0.775,24,3,0.7750660241969081,0.1899807158407726,448.1060526315789,2634.2559736842104,2636.3973276254787
408,0.775,25,1,0.7753823810120553,0.5008064739251101,425.37877777777777,6945.745583333333,6949.783527609693
409,0.775,26,2,0.7753378284788159,0.3144584047533409,524.6211818181818,4371.322522727272,4363.797105785806
410,0.775,27,3,0.7752294220274285,0.22291473374810322,451.1363684210526,3085.2678157894734,3093.428750075892
411,0.775,29,1,0.7749406954605853,0.2663852882613161,497.34847619047616,3711.384214285714,3696.6776284782973
412,0.825,21,3,0.8251058804685654,0.25854641586608745,446.21211428571434,3581.664971428572,3587.8961548275765
413,0.825,23,3,0.8251655536511553,0.31078878789247194,475.0,4318.298837837838,4312.873157833568
414,0.825,24,3,0.8251979758448864,0.18638478733110264,476.8939473684211,2584.904894736842,2586.49596647274
415,0.825,25,1,0.8254519213162275,0.286939576623973,452.6515277777778,3987.2029999999995,3981.9132676363756
416,0.825,26,2,0.8248874042708262,0.1439319230331643,557.9545454545455,1990.2700227272726,1997.3697623219107
417,0.825,27,3,0.8250328388907974,0.25254077078921344,479.92423684210524,3513.710394736842,3504.554713769907
418,0.825,29,1,0.8248219495193839,0.1384159673807941,529.1666428571428,1910.813357142857,1920.823831452813
419,0.875,21,3,0.8751764034182238,0.1884321374714671,473.10605555555554,2633.074888888889,2614.907420840005
420,0.875,23,3,0.8748343993173564,0.23542956408517163,503.40907894736836,3267.0393157894737,3267.0993519067983
421,0.875,24,3,0.8753298663902305,0.16287855274448265,505.6817894736842,2269.6012105263158,2260.295626756984
422,0.875,25,1,0.8755214616203999,0.12977758616548463,479.92425000000003,1799.349,1800.9474268911013
423,0.875,26,2,0.8750000206456472,0.10001254964814359,591.6666666666666,1392.5471777777777,1387.8925419060256
424,0.875,27,3,0.8748362001104619,0.20790855920598608,508.7121052631579,2878.566394736842,2885.185306599886
425,0.875,29,1,0.8747032077255273,0.12219785265358508,560.9848571428572,1694.778738095238,1695.762071175137
426,0.925,21,3,0.925246932278287,0.11225525142050356,500.0,1545.717257142857,1557.7867656051162
427,0.925,23,3,0.9251655608081207,0.11019536606168903,532.1969736842105,1527.6277894736843,1529.2013577064265
428,0.925,24,3,0.9254618384057534,0.10525097399051385,534.4697105263158,1454.1240789473686,1460.5871197534332
429,0.925,25,1,0.9255909452615144,0.12055881626788717,507.19694444444445,1676.9440555555555,1673.0168618626476
430,0.925,26,2,0.9251126332667142,0.09704736620792662,625.3787954545455,1340.0773863636364,1346.7441460643167
431,0.925,27,3,0.9246396574419793,0.09458259536077773,537.5,1313.201394736842,1312.5400677931373
432,0.925,29,1,0.924584453489637,0.11139918745367983,592.8030238095238,1545.9960952380952,1545.9070085233386
433,0.975,21,3,0.9753174675412885,0.10515127945295454,526.8939166666667,1461.749361111111,1459.20364032376
434,0.975,23,3,0.9754966916261754,0.09649511061630965,560.9848421052632,1336.7041315789472,1339.0803936699658
435,0.975,24,3,0.9755937645943007,0.09958771258193551,563.2575789473684,1381.6247631578947,1381.9969998186593
436,0.975,25,1,0.9756605308961327,0.11435221659720712,534.4696944444445,1583.7188888888888,1586.886736954937
437,0.975,26,2,0.9752252563982926,0.10017342922049087,659.0909111111112,1390.5847555555556,1390.1250973142355
438,0.975,27,3,0.9750983751635774,0.07650693242699659,566.6666666666666,1063.404358974359,1061.7007694844604
439,0.975,29,1,0.9750595202013339,0.1076029131724114,625.0,1492.056023255814,1493.2254122582851
