,bin_center,tail,Phase,intensity_norm,dnorm,normalized intensity,Distance_(microns),Gray_Value,Gray_Value_smooth
0,0.0245,1,1,0.6860311705909643,0.024848803706680977,0.5099938988197878,17.910813333333333,1069.9601466666666,1069.8112902283133
1,0.0245,2,2,0.6485166333958373,0.02487553163748396,0.5268632296773166,17.03711267605634,1106.9240704225351,1105.1979892687234
2,0.0245,3,2,0.5890570603181242,0.024999929929553973,0.3869709490904632,19.65821686746988,812.9140120481927,811.7467508638374
3,0.0245,4,1,0.5086782688863677,0.02483651647301068,0.32908820474162287,18.34766233766234,690.8995974025974,690.3264484698475
4,0.0245,5,1,0.8155638595430534,0.02484462815311502,0.4835404912237503,17.473972602739725,1014.4768356164383,1014.32012812472
5,0.0245,6,2,0.6105532495740426,0.024719217908063515,0.6103537471811014,17.025940298507464,1281.0077014925373,1280.3355712265723
6,0.0245,7,1,0.6206472306961703,0.024741412392383873,0.5426908727329519,16.381838235294115,1138.735294117647,1138.3995457536287
7,0.0245,8,2,0.1966711325247274,0.02498487765383002,0.22877846600919854,19.876642857142855,480.3557619047619,479.90728215405596
8,0.0245,9,1,0.5559237664460467,0.024774696795185916,0.4721250746720654,18.566089743589743,990.831564102564,990.3740739897332
9,0.0245,10,3,0.6109003685975762,0.0248898379225482,0.42551576582188816,20.0169875,893.49195,892.6019928863125
10,0.0245,11,3,0.6195686955444366,0.02481471754626674,0.3888355426777092,16.381838235294115,815.952411764706,815.6580981876765
11,0.0245,12,1,0.6664448663578858,0.024840218979050515,0.5814829215897974,17.03711267605634,1221.4635774647888,1219.7734051942614
12,0.0245,13,1,0.7077062129371013,0.024969099664440816,0.7762258444379704,19.439792682926832,1630.0868902439024,1628.2845227530531
13,0.0245,14,2,0.5859873439301092,0.024832125159791517,0.4753382973767298,17.910813333333333,997.98072,997.1144329144635
14,0.0245,15,2,0.8658530413386732,0.02471474631999498,0.8472559818716449,18.784518987341773,1775.4230253164556,1777.2840365685413
15,0.07500000000000001,1,1,0.8899019075580101,0.07488242927324328,0.602500969844427,50.45614864864865,1264.8021756756757,1263.862845035407
16,0.07500000000000001,2,2,0.8360865029476243,0.07498219781832823,0.6048872632420877,47.835057142857146,1267.6218285714288,1268.8685590734033
17,0.07500000000000001,3,2,0.7465019941620099,0.07530483171113755,0.4490552823799957,55.698341463414636,941.8614878048779,941.9807023937342
18,0.07500000000000001,4,1,0.7813555614424085,0.07516334751290912,0.4270417347282392,51.98512987012987,896.078883116883,895.8030091500943
19,0.07500000000000001,5,1,0.8891221409572859,0.07487918645598729,0.5069295190784646,49.14559722222222,1063.9090833333332,1063.383158338106
20,0.07500000000000001,6,2,0.7743724492924304,0.07490648533620273,0.7211279946096546,47.85671641791045,1512.9122238805971,1512.7060776970566
21,0.07500000000000001,7,1,0.7725777197869557,0.0749630273420815,0.6094432890776592,46.08764705882353,1279.9782205882352,1278.4257084603778
22,0.07500000000000001,8,2,0.38097942224992126,0.07525581929861098,0.3133244299118706,56.35361445783133,657.1507710843374,657.2588679977817
23,0.07500000000000001,9,1,0.8180261616570034,0.07496779584194216,0.6462440896802062,52.640397435897434,1355.0825,1355.62253780511
24,0.07500000000000001,10,3,0.7190061357856222,0.07498435482346519,0.47606824500651507,56.59975949367089,998.5618607594937,998.645639890521
25,0.07500000000000001,11,3,0.7534831923146474,0.07481475859335031,0.43992506888105315,45.86922388059701,921.9907462686567,922.8283056572877
26,0.07500000000000001,12,1,0.8526658892315697,0.07487575503838147,0.6668091189882097,47.835057142857146,1399.1203285714284,1398.7616823879994
27,0.07500000000000001,13,1,0.7757873467422328,0.07521573263069452,0.8283473704547737,55.04306172839507,1738.285851851852,1737.6195503401348
28,0.07500000000000001,14,2,0.7510549133483821,0.07516773827841784,0.5386906144568446,50.674573333333335,1129.8120133333332,1130.0082268035153
29,0.07500000000000001,15,2,0.8956869113429401,0.07477815019532663,0.8677296212973141,53.29567088607595,1822.1753670886076,1820.231473116962
30,0.125,1,1,0.8851303353096605,0.12491596890813729,0.6003358519886524,83.00142666666666,1258.8757066666667,1259.3210896690334
31,0.125,2,2,0.8007632394117609,0.1250887801238114,0.5901937332720274,78.6329295774648,1238.6853521126761,1238.0460251339666
32,0.125,3,2,0.836969315003233,0.12530482792847283,0.4847287280844266,91.52000000000001,1016.0487926829269,1016.8126858042505
33,0.125,4,1,0.802009393106442,0.1251633127423924,0.43446118539197814,85.40409210526316,911.1171842105264,911.3667484531103
34,0.125,5,1,0.7898349583094366,0.12491365612438046,0.4753595770417636,80.81717808219179,996.9468630136986,997.1590711463288
35,0.125,6,2,0.8423123781044431,0.12509372576881533,0.7670688519538346,78.68746268656717,1609.2562985074628,1609.075951892236
36,0.125,7,1,0.8535167320285927,0.12518457046748985,0.6450047795725304,75.79341176470588,1352.4375588235293,1353.022844066903
37,0.125,8,2,0.456193026794029,0.12522571433708218,0.34782644121183626,92.6121204819277,729.3624337349398,729.6335401452438
38,0.125,9,1,0.8323691584923109,0.1251608214461038,0.6557723829230762,86.71465384615385,1376.6906025641026,1375.6099841479347
39,0.125,10,3,0.7594448094187041,0.12507888200411563,0.49497820013901367,93.1825375,1038.582375,1038.3129448235284
40,0.125,11,3,0.8493842581713621,0.12481473860326349,0.4765121459726585,75.35655882352941,1000.7701764705882,999.576808413169
41,0.125,12,1,0.9119718669608832,0.12491120734141861,0.6939830303143747,78.6329295774648,1454.808676056338,1455.764241053249
42,0.125,13,1,0.7846369794312208,0.12515406445273444,0.8351224685569659,90.42787654320988,1751.8013950617285,1751.8316349531135
43,0.125,14,2,0.8508818735383135,0.1251676953414224,0.5770038292051102,83.21985135135135,1210.8166486486487,1210.3776386680286
44,0.125,15,2,0.8309913885721704,0.124841494902318,0.8233320018978033,87.80677215189873,1728.2709620253163,1727.0988403486635
45,0.175,1,1,0.8744625403566456,0.1749495746230069,0.5954953021379186,115.54674324324326,1249.966337837838,1249.1670958796726
46,0.175,2,2,0.8004927795617807,0.1751954340470682,0.5900812292303965,109.43084285714285,1236.3619142857144,1237.8100260480724
47,0.175,3,2,0.8005481643294935,0.17530484116779937,0.47036699028815804,127.34167073170731,987.1427926829268,986.6861504137244
48,0.175,4,1,0.7702561712431476,0.17516332808232624,0.42305451437510694,118.82311688311687,887.6364675324676,887.4390397765777
49,0.175,5,1,0.7895389691245613,0.17494819455629756,0.4752654625633304,112.48879166666667,997.2845833333334,996.9616477421769
50,0.175,6,2,0.9048612015086052,0.17490646662748474,0.8093642535431992,109.28815151515151,1697.9066969696971,1697.7987743608076
51,0.175,7,1,0.7412854700311353,0.17503689526745292,0.595694677481899,105.28077611940299,1249.940776119403,1249.5853244005962
52,0.175,8,2,0.4716732719743591,0.17519560937555334,0.354927544760527,128.87065060240963,744.236578313253,744.5294845223239
53,0.175,9,1,0.8227678697198962,0.17503214657579347,0.6493940858361076,120.5705064935065,1362.4132207792209,1362.2302667594317
54,0.175,10,3,0.8796105367407133,0.1751733988809583,0.5511701646119612,129.76530379746836,1157.0353670886075,1156.1865079237605
55,0.175,11,3,0.9041740360719838,0.1751851306217042,0.4974149149875206,105.06235294117647,1042.7515,1043.4244276511315
56,0.175,12,1,0.8854961828884306,0.17494673116056264,0.6818519110102109,109.43084285714285,1429.7351571428571,1430.3168613400123
57,0.175,13,1,0.6757495327841228,0.17509241950593402,0.7517604625779727,125.8127037037037,1577.9536172839507,1576.9636308872052
58,0.175,14,2,0.8872059765829182,0.17516771779414925,0.5909448843853764,115.76517333333335,1239.2044799999999,1239.6217105364547
59,0.175,15,2,0.8207330164718638,0.17490486817333567,0.8162921437953854,122.3178987341772,1710.1126455696203,1712.331370194607
60,0.225,1,1,0.8183009645696648,0.22498313866471065,0.5700117876449992,148.09202666666667,1194.5069866666668,1195.7104730018063
61,0.225,2,2,0.6807589462672775,0.22494664510416632,0.540275166827449,140.0103142857143,1133.6661428571429,1133.3321332658347
62,0.225,3,2,0.6495428852821624,0.2253048487331288,0.41082196813997524,163.16335365853658,861.0631463414634,861.7788973692507
63,0.225,4,1,0.790099275926491,0.22516331274239235,0.43018272857808454,152.24209210526314,902.2195394736842,902.3918540183927
64,0.225,5,1,0.7941519792321862,0.224982667263778,0.4767322426433832,144.1603698630137,999.8982602739727,1000.0385039429153
65,0.225,6,2,0.8658298342932951,0.22471919685155275,0.7829713134188666,139.88886567164178,1641.7376865671642,1642.4344545274284
66,0.225,7,1,0.75910635323835,0.2248891566130065,0.6035244884869011,134.76811764705883,1265.8037647058825,1266.009874248917
67,0.225,8,2,0.5212746771153829,0.2251655247081568,0.3776807188843146,165.1291686746988,792.6715783132529,792.2586879941482
68,0.225,9,1,0.8192077903728018,0.22490345257498165,0.6470290654448669,154.42634615384614,1356.1676153846154,1357.2691769855649
69,0.225,10,3,0.8622526647712294,0.22495286994991237,0.543053266834432,166.11801265822785,1138.2981392405063,1139.1597377915587
70,0.225,11,3,0.8758755460933136,0.22518509996251843,0.4866187989571466,134.54968656716417,1020.497223880597,1020.7774766843902
71,0.225,12,1,0.8357867138113694,0.22498217790648223,0.6590751057624131,140.2287323943662,1382.9573943661974,1382.5380869942512
72,0.225,13,1,0.6633978353661019,0.2250307745591335,0.7423042552215005,161.19753086419752,1555.8534320987653,1557.1273986967713
73,0.225,14,2,0.8934598970103943,0.2251677008777112,0.5933451157046571,148.31044594594596,1244.6656891891892,1244.6566620730678
74,0.225,15,2,0.8260688399522045,0.22496823940406577,0.8199538787952324,156.8290253164557,1720.8285822784812,1720.012570800587
75,0.275,1,1,0.7144049830691332,0.2750167592144886,0.5228686170123357,180.63735135135136,1097.0240945945945,1096.818513084841
76,0.275,2,2,0.6044144802867353,0.27505330575636583,0.5085179171669126,170.80821126760563,1067.857014084507,1066.7151319407928
77,0.275,3,2,0.624267633227921,0.27530486197245535,0.4008553268883209,198.98502439024392,841.9346219512195,840.8719309107306
78,0.275,4,1,0.8541110767135334,0.2751633475129091,0.453177609409983,185.66112987012986,950.6298831168832,950.6280842720262
79,0.275,5,1,0.6872509512012764,0.2750172197222517,0.4427413571272792,175.832,928.0356944444443,928.7360174344722
80,0.275,6,2,0.6856202533852926,0.27490643458461267,0.6611139197872564,170.7196119402985,1387.4247462686567,1386.8148955354923
81,0.275,7,1,0.7039466883890171,0.2751107660377588,0.579289452218065,164.47389705882352,1214.4188823529412,1215.1721770147094
82,0.275,8,2,0.5773734394793504,0.2751354289712335,0.4034143630132918,201.3877108433735,846.6190602409638,846.240006381695
83,0.275,9,1,0.730618919804368,0.27509653483485913,0.5881779936275173,188.50064102564102,1234.0340256410257,1233.8176195886294
84,0.275,10,3,0.8363105097610655,0.2750473660987679,0.5309221818306645,202.700775,1114.2795125,1113.7124300300677
85,0.275,11,3,0.7862407673329831,0.2748147636549693,0.45242236400309666,163.81862686567163,949.2784179104478,949.0438102933574
86,0.275,12,1,0.7710577737714837,0.2750177098615369,0.6294164011220694,171.02664285714286,1320.7939000000001,1320.3231915784172
87,0.275,13,1,0.6991401650198538,0.27496913542012297,0.7696678530470228,196.58234567901235,1616.8083086419754,1614.5278616488877
88,0.275,14,2,0.797785252010118,0.2748321676354295,0.5566255440289748,180.63735135135136,1167.5585135135136,1167.6302261845206
89,0.275,15,2,0.6717157249602048,0.27503162899738426,0.7140282975641316,191.340164556962,1498.1086075949368,1497.813083733642
90,0.32499999999999996,1,1,0.6512221932423382,0.32505031297640113,0.49419920171029086,213.18262666666666,1036.7975333333334,1036.6788442665486
91,0.32499999999999996,2,2,0.5458724100364668,0.3251599174873334,0.4841659865232917,201.60612857142857,1015.2129000000001,1015.6322260438964
92,0.32499999999999996,3,2,0.4455450876889223,0.3249999971279767,0.33038071832073784,234.58827160493829,692.4481728395062,693.0377468263779
93,0.32499999999999996,4,1,0.7484660549771248,0.3251633127423923,0.41522687758486326,219.08009210526316,871.0100526315789,871.0190507661439
94,0.32499999999999996,5,1,0.6587978675531119,0.3250517120669113,0.43369424573200566,207.5035890410959,910.2791095890411,909.7579435064999
95,0.32499999999999996,6,2,0.5401523585528748,0.32509368581543596,0.5627487916290319,201.55037313432837,1179.67823880597,1180.4749277202916
96,0.32499999999999996,7,1,0.5782589332398912,0.3249630696862521,0.5240670843355218,193.96125373134328,1098.795671641791,1099.3325311471776
97,0.32499999999999996,8,2,0.48999482486190354,0.32510534061399476,0.36333201398641396,237.64621686746986,761.6999879518072,762.1594916401293
98,0.32499999999999996,9,1,0.7434316725976139,0.3249678279168712,0.5966897201003226,222.35648051948053,1251.8920649350648,1251.6726196210122
99,0.32499999999999996,10,3,0.808345250893435,0.3251418831922795,0.5178450518720057,239.2835443037975,1086.4546329113923,1086.2806091672464
100,0.32499999999999996,11,3,0.7015916766603318,0.32481477794659946,0.42012801170880737,193.30598529411765,881.7109852941177,881.3001318395695
101,0.32499999999999996,12,1,0.6701503819456714,0.3250531916935709,0.5831807833544209,201.82454929577463,1223.4955774647888,1223.3350001255824
102,0.32499999999999996,13,1,0.5900315232422157,0.3249074827296027,0.6861365045922677,231.9671728395062,1437.2259999999999,1439.304628838274
103,0.32499999999999996,14,2,0.7242186593867195,0.3248321388159705,0.5283909603442086,213.18262666666666,1107.5744266666666,1108.402701167535
104,0.32499999999999996,15,2,0.6337511670934387,0.3250949839058136,0.6879749337662747,225.85127848101266,1443.7555949367088,1443.1610912218227
105,0.375,1,1,0.5366268635729187,0.37508391379759765,0.4422011638431178,245.72794594594592,927.6706081081081,927.6028570660077
106,0.375,2,2,0.39473430436690765,0.3749111853585313,0.4212965893335593,232.1856,883.3138571428572,883.7514504521272
107,0.375,3,2,0.39712855901035626,0.374999987854456,0.311288913777933,270.40993975903615,652.9438554216867,652.9889774234676
108,0.375,4,1,0.6453833930631968,0.3751633280823262,0.37819661914186875,252.4991168831169,793.7174805194805,793.340889019377
109,0.375,5,1,0.556681816390169,0.37508624001230756,0.4012248198679943,239.17520833333336,841.0758194444445,841.6470142249223
110,0.375,6,2,0.5202041814147865,0.37490639153901845,0.5492598702215177,232.15104545454545,1153.9951515151515,1152.1792942859392
111,0.375,7,1,0.5648710694647004,0.37481535770822083,0.5181849716533613,223.44860294117646,1088.3220147058823,1086.993656952147
112,0.375,8,2,0.43765552834837423,0.3750752079786492,0.33932291336309445,273.90473493975907,711.9093373493976,711.7957383197568
113,0.375,9,1,0.6721154954089255,0.3748391428817787,0.5493131880535778,256.21232051282055,1151.7999743589744,1152.291138797884
114,0.375,10,3,0.6549986481928151,0.37492135040934277,0.44613702793678,275.6362405063291,935.9193417721518,935.8590967072037
115,0.375,11,3,0.5954146282454642,0.37481476618577886,0.3796205593566302,222.79332835820895,795.8734179104478,796.3278802792471
116,0.375,12,1,0.5889729671329544,0.3750886911413042,0.5459854118882193,232.62245714285714,1145.1012142857144,1145.3104817325898
117,0.375,13,1,0.521235958772664,0.3748458184235025,0.63346802504544,267.35198765432096,1328.1893209876544,1328.8222599535716
118,0.375,14,2,0.6577651053744614,0.37516772462223874,0.502886334331226,245.94637333333333,1055.8749866666667,1054.9017927745483
119,0.375,15,2,0.5347886035258971,0.3751583571768313,0.6200613897697383,260.36240506329113,1300.3224936708862,1300.6992376681876
120,0.42500000000000004,1,1,0.4353495361486626,0.4251174622349477,0.3962462167987281,278.27322666666663,831.2713466666667,831.20342698713
121,0.42500000000000004,2,2,0.40380973361229583,0.4250177855593647,0.42507172442188096,262.9834929577465,892.0680704225352,891.67052977635
122,0.42500000000000004,3,2,0.33078062426644894,0.4253048960164379,0.2851263235113116,306.4500487804878,597.6223536585367,598.1078611716453
123,0.42500000000000004,4,1,0.565672519160264,0.42516331274239233,0.34956217949374285,285.91809210526316,732.8583026315789,733.2745884306496
124,0.42500000000000004,5,1,0.5121937600151206,0.4251207183972038,0.3870791333490488,270.8467808219178,812.4344109589041,811.9736883654971
125,0.42500000000000004,6,2,0.3626498709217239,0.4247191218039888,0.44272192958943074,262.7517462686567,927.9903582089552,928.6952643992307
126,0.42500000000000004,7,1,0.4749072687564978,0.4250369312208285,0.47865833604016467,253.15438235294118,1003.5326764705882,1004.0788590661422
127,0.42500000000000004,8,2,0.4233918256878853,0.4250451528299905,0.3327798626297269,310.163265060241,698.1444457831326,698.0704181477076
128,0.42500000000000004,9,1,0.610736797412605,0.42503220205969794,0.5085382900256535,290.28660256410257,1068.5422692307693,1066.7578679702742
129,0.42500000000000004,10,3,0.5018582418404148,0.42501586731025975,0.37452542565298386,312.2190125,784.8016749999999,785.6398473949366
130,0.42500000000000004,11,3,0.56337887060947,0.4248147768383365,0.3673986437413509,252.28067647058822,770.8466176470588,770.690037662499
131,0.42500000000000004,12,1,0.453322651010374,0.42512416734357866,0.48383063756672134,263.42033802816906,1015.0329577464788,1014.9287664520554
132,0.42500000000000004,13,1,0.42456637576863665,0.42478418896414183,0.5594597660173248,302.7368271604938,1175.2422839506173,1173.5755574701827
133,0.42500000000000004,14,2,0.5704183980279635,0.4251676958027798,0.46936299404566434,278.49164864864866,984.0948783783783,984.5800732272086
134,0.42500000000000004,15,2,0.49868563931231175,0.425221730447849,0.5952855537350209,294.8735189873418,1248.6673670886075,1248.7271078522733
135,0.475,1,1,0.4013835589367238,0.4751510845390612,0.38083403399549437,310.81855405405406,798.4192972972972,798.8733791020112
136,0.475,2,2,0.39030049519324395,0.47512440867497585,0.4194522436685952,293.7814,879.6613285714285,879.8825770792724
137,0.475,3,2,0.29417463022702456,0.47500003159225535,0.2706916975195238,342.0532962962963,568.3434567901235,567.8284286294642
138,0.475,4,1,0.47386179247231935,0.475163347512909,0.3165811245425964,319.33712987012984,664.6394155844156,664.0904177336492
139,0.475,5,1,0.43060293038426756,0.4751552529885161,0.3611360287762435,302.5184027777778,757.0080694444445,757.5529860006475
140,0.475,6,2,0.3463984690235185,0.4749063757343647,0.4317327609325984,293.5825074626865,905.4755223880597,905.6433480400184
141,0.475,7,1,0.42783322928848816,0.47525849368354545,0.4579758127336144,282.86016176470594,961.3711029411764,960.6932479932215
142,0.475,8,2,0.37823044621006846,0.47501504971338276,0.3120634186498094,346.42180722891567,654.535421686747,654.6136518719026
143,0.475,9,1,0.5042201531638875,0.47522530320481404,0.437777497612323,324.36091025641025,916.0519871794872,918.3233576663918
144,0.475,10,3,0.4810215586325721,0.47511037905927284,0.36478176422270253,348.80179746835444,764.7417215189873,765.2006244348195
145,0.475,11,3,0.5006493938452271,0.47518513560888764,0.34346681168310766,281.98645588235297,720.7405441176471,720.4883701699955
146,0.475,12,1,0.36495005546489434,0.4751596569483131,0.4433384449250856,294.2182571428571,929.9810285714285,929.988525099425
147,0.475,13,1,0.3819014159010655,0.47503081428111127,0.5267963438406532,338.34008536585367,1105.799512195122,1105.0576832309755
148,0.475,14,2,0.5548833235842063,0.4751677337263581,0.46340069045391385,311.0369733333333,972.3415866666668,972.0729830189051
149,0.475,15,2,0.37977512880984976,0.47528513432318065,0.5136826334433696,329.3846708860759,1078.3506075949367,1077.5491277908727
150,0.525,1,1,0.3651402849852297,0.5248488739108841,0.3643885197079864,343.1454189189189,764.9114054054055,764.3757176611556
151,0.525,2,2,0.26115302024503556,0.5248757178655191,0.36573035888910854,324.36089999999996,767.2180285714286,767.1904860514387
152,0.525,3,2,0.25149598201107354,0.525000038305177,0.25386247757896285,377.8749759036144,532.6664337349397,532.5258700306024
153,0.525,4,1,0.4220819169629508,0.5251633324286408,0.29798030325357105,352.7561052631579,625.0816578947368,625.0715810993895
154,0.525,5,1,0.3510117254552708,0.5248447250699418,0.3358287367448884,333.97158333333334,704.7405694444444,704.46602397443
155,0.525,6,2,0.26080538692245125,0.5250936296647406,0.3738548731689223,324.4132686567164,784.4531791044776,784.2332332770034
156,0.525,7,1,0.3508134812817077,0.5251108259875388,0.42413629627789545,312.3475223880597,888.1043731343284,889.7082874986505
157,0.525,8,2,0.37469200505155525,0.5249849465967751,0.31044026366906796,382.6803012048193,651.4569277108434,651.2087689346635
158,0.525,9,1,0.42795731587909963,0.5250965821433357,0.38711481633821354,358.2167142857143,812.9302857142857,812.0485403681698
159,0.525,10,3,0.4206548427359518,0.5248898366466093,0.33655304684539655,385.15448101265827,706.7297848101266,705.985405137505
160,0.525,11,3,0.4140681842968511,0.5251851666071687,0.3104353395077744,311.47382089552235,650.928223880597,651.1984395496278
161,0.525,12,1,0.3070711565391031,0.524840343051687,0.4168184189971069,324.79774285714285,874.6325142857143,874.3576181012129
162,0.525,13,1,0.28385636543454484,0.5252774211359192,0.4517350550064126,373.9433209876543,946.6754567901235,947.6020461345515
163,0.525,14,2,0.4387673048504608,0.5251677359408736,0.41883579583030367,343.58227027027027,878.7190810810811,878.5894579679119
164,0.525,15,2,0.3373100421162328,0.5250316227064975,0.48454075969314675,363.67734615384614,1016.0927307692309,1016.41838558289
165,0.575,1,1,0.3124966482949432,0.5748824603280618,0.3405012825755145,375.69072,713.9026,714.2675966898702
166,0.575,2,2,0.19887396398720833,0.5749822933693142,0.3398239423230866,355.1587887323944,713.2138309859155,712.8467439089833
167,0.575,3,2,0.18158173990026213,0.5753048960164379,0.22629360633667456,413.9150487804878,474.44135365853657,474.69480620394955
168,0.575,4,1,0.43094568506941366,0.5751633280823262,0.3011644238192114,386.1751168831169,631.7340909090909,631.7508926332201
169,0.575,5,1,0.3343364611081258,0.5748792166798771,0.3305265706963946,365.6431780821918,693.4491369863014,693.3437005221873
170,0.575,6,2,0.2206695713513355,0.5752808916937745,0.3467151070580852,355.2440447761194,726.6121940298508,727.3023008350275
171,0.575,7,1,0.3463903994862525,0.5749631323160428,0.4221929641705362,341.83486764705884,886.0200147058823,885.6317708306526
172,0.575,8,2,0.3484239505795312,0.5749548342555617,0.2983905724235114,418.93883132530124,625.870265060241,625.9322003951312
173,0.575,9,1,0.4115226027781794,0.5749678902681351,0.3761969609146856,392.07257692307695,789.4254487179487,789.1462173713649
174,0.575,10,3,0.32844996117286573,0.5749843533067831,0.29343614867075124,421.73725,615.4426249999999,615.5393339715447
175,0.575,11,3,0.35099740800104995,0.5751851816018015,0.2863732987583045,340.9611911764706,600.64225,600.7236340288409
176,0.575,12,1,0.25197010308932427,0.5748757868919243,0.39157119775987087,355.5956338028169,821.6144507042253,821.3966662369016
177,0.575,13,1,0.20868309415351524,0.5752157413423795,0.3941839333394718,409.32812345679014,825.9346543209876,826.8773867472975
178,0.575,14,2,0.28115665419550373,0.5751677382784177,0.3583454163409531,376.1275733333333,751.6340799999999,751.699134225491
179,0.575,15,2,0.2563978672996744,0.5747781206111565,0.4290143833931892,397.9700379746836,899.7527468354431,899.9410229935953
180,0.625,1,1,0.30419934910366414,0.6249160007939569,0.3367363535964016,408.236,706.4290540540541,706.3699266626725
181,0.625,2,2,0.18678145375768518,0.6250889256872091,0.33479378248832625,385.95667142857144,701.5750571428572,702.2950063385282
182,0.625,3,2,0.15154772568286085,0.6250000143601161,0.21445047043403206,449.5182839506173,449.9880617283951,449.8515276281164
183,0.625,4,1,0.36711414069478365,0.6251633127423922,0.27823429627766955,419.5940921052632,583.5534210526315,583.65049498712
184,0.625,5,1,0.2973065102607058,0.62491371122871,0.3187523076878323,397.3147638888889,668.801013888889,668.644896223102
185,0.625,6,2,0.20235529824652126,0.6250935974991616,0.3343310286113934,385.84472727272725,701.8352575757576,701.32429017254
186,0.625,7,1,0.2770643624733822,0.6251846975412324,0.3917337685613754,371.54064705882354,822.3315,821.7376900791741
187,0.625,8,2,0.3822127340235901,0.6249247163795851,0.3138901751252455,455.1973253012048,658.4980722891565,658.4456285022931
188,0.625,9,1,0.40064489237729345,0.625160953642774,0.3689707155420645,426.146858974359,773.8885384615385,773.9877637046047
189,0.625,10,3,0.2779528759741913,0.6250788845559931,0.26982267350850664,458.3200379746836,565.8165189873417,566.005481922421
190,0.625,11,3,0.27567857841273913,0.6251851691379783,0.2576385208913485,370.4485223880597,540.4580895522389,540.4468545312594
191,0.625,12,1,0.23002728925663343,0.6249112856495581,0.38151703289882405,386.39352857142853,799.6474285714286,800.3061020025921
192,0.625,13,1,0.1693653843866954,0.625154090587789,0.36408309749854517,444.712950617284,764.7757654320988,763.7350352359289
193,0.625,14,2,0.28190522019343106,0.6251676953414224,0.35863271317717127,408.67285135135137,752.1996081081081,752.3017951587772
194,0.625,15,2,0.2508917156530644,0.624841489801599,0.4252357598549212,432.481164556962,892.6414050632911,892.0146259678341
195,0.675,1,1,0.29190077740844217,0.6749495822559057,0.33115583300655643,440.78130666666664,695.2242133333333,694.6637004780381
196,0.675,2,2,0.19854506122708854,0.674840159986439,0.33968712759875774,416.5361571428571,713.1156428571429,712.5597484427724
197,0.675,3,2,0.11428642040764199,0.6750000439108128,0.19975743942292631,485.33997590361446,419.20493975903617,419.0300403520303
198,0.675,4,1,0.27068270140280426,0.6751632892211604,0.24359334839456634,453.0130909090909,510.57627272727274,510.9843763623369
199,0.675,5,1,0.30835459332056697,0.6749482230101695,0.3222652217671204,428.9863698630137,676.1771369863013,676.013916033577
200,0.675,6,2,0.1800871127565723,0.6749063168841167,0.31927332174010503,416.4454029850746,669.8964925373135,669.7378244263194
201,0.675,7,1,0.2023653634431762,0.6750369667618947,0.3589138999909686,401.0279850746269,752.3189850746269,752.8916391329108
202,0.675,8,2,0.35758244688731766,0.6748946446266364,0.30259176109166835,491.4558795180723,634.6376265060242,634.7450098816261
203,0.675,9,1,0.40481520117903597,0.6750322316002442,0.3717411215898794,460.00266233766234,779.4650389610389,779.799228656103
204,0.675,10,3,0.2560340167293539,0.6748583209579305,0.25957296431586024,494.6727215189873,544.6147088607595,544.5047254599898
205,0.675,11,3,0.22529846888558983,0.6751851555576214,0.23841807808722634,399.93585294117645,499.9504852941177,500.128241381922
206,0.675,12,1,0.15769525219840191,0.6749467625419321,0.3483746004439966,417.19142253521125,730.8774507042253,730.783410637352
207,0.675,13,1,0.17951337491189542,0.6750924456409886,0.37185219185134255,480.09777777777776,779.7775061728396,780.032220109524
208,0.675,14,2,0.28965558186057855,0.6751676973098806,0.361607273059243,441.21816,758.3566666666667,758.5415124429737
209,0.675,15,2,0.1745946476734333,0.6749048447100283,0.3728765232279821,466.99227848101265,781.6251012658228,782.1809541908534
210,0.725,1,1,0.21991220709219497,0.7249831692270841,0.2984907635302845,473.32660810810813,625.5018513513514,626.142370707863
211,0.725,2,2,0.1356098422870365,0.7249467680801402,0.31350776496061783,447.33404225352115,657.7316619718309,657.6434488829614
212,0.725,3,2,0.09611028097768612,0.7250000890327197,0.19259014943311115,521.1616790123456,403.62746913580247,403.9952570552323
213,0.725,4,1,0.19425601332596182,0.7251633127423923,0.21613868280016532,486.43209210526317,453.58505263157895,453.39288107130847
214,0.725,5,1,0.20646101651965248,0.7249826973874781,0.2898665351720316,460.65794444444447,608.2101666666666,608.0513761125997
215,0.725,6,2,0.12513601132202548,0.7250936032091245,0.28211548604535064,447.27617910447765,591.7935223880596,591.7920446068168
216,0.725,7,1,0.16611935889821322,0.7248892781618038,0.3429887989747285,430.5153529411765,719.4740294117646,719.4856456403882
217,0.725,8,2,0.3378154932067531,0.7248645894779777,0.2935242571023762,527.714421686747,615.4711807228915,615.7241585255929
218,0.725,9,1,0.3575505761350386,0.7249035784765723,0.34034243883169185,493.8585512820512,714.1553333333334,713.9343910752209
219,0.725,10,3,0.17504583978694227,0.7249528335976934,0.22170122781580362,531.2554875,465.0504625,465.0613999965435
220,0.725,11,3,0.18325024536144482,0.7251851716687877,0.22237632107545866,429.423223880597,466.7387014925373,466.4775392735179
221,0.725,12,1,0.11376442393718354,0.7249822334050152,0.3282455598757086,447.9893285714286,688.6412142857143,688.5588371448999
222,0.725,13,1,0.2061245449540691,0.7250308355409276,0.3922251603107219,515.4826296296296,823.2554320987655,822.7684797466437
223,0.725,14,2,0.21587751511640105,0.7251677008777111,0.3332915263961823,473.763445945946,699.7150945945946,699.1437323097427
224,0.725,15,2,0.11822985044848795,0.7249682547062228,0.3341959050406851,501.5034303797468,700.8080379746835,701.040842229625
225,0.775,1,1,0.08199605141689632,0.7750167884534158,0.23591081803000255,505.87192,495.2598133333333,494.8687762727044
226,0.775,2,2,0.03600464206616892,0.7750533962151789,0.27207467390057943,478.1319428571428,570.0976857142857,570.729490289214
227,0.775,3,2,0.04966440738106285,0.774695213680839,0.17427542170007754,556.7649146341463,365.6201219512195,365.57655724019685
228,0.775,4,1,0.12509887169909029,0.775163347512909,0.1912954474774286,519.8511298701299,401.1046753246753,401.27936815366854
229,0.775,5,1,0.07712701945392247,0.7750172509814349,0.24874272964295618,492.3295753424658,521.5588082191781,521.786204011581
230,0.775,6,2,0.05674716561249885,0.7749062852093656,0.23587107190461964,477.8768636363636,494.7410303030303,494.78540105238153
231,0.775,7,1,0.08167163099493854,0.7751108102373214,0.305885713701334,460.22110294117647,642.6348382352942,641.6547154672268
232,0.775,8,2,0.2407928936177586,0.7748344752918433,0.24901801587565153,563.9729397590362,522.2587590361445,522.3636703704208
233,0.775,9,1,0.28477943473651013,0.7750966796216884,0.2919993496694138,527.932858974359,612.5749102564102,612.5253689084789
234,0.775,10,3,0.09611646276922288,0.7750473688673144,0.18479222848551594,567.8382658227848,387.520582278481,387.6376027982878
235,0.775,11,3,0.14131581328170084,0.7751851267427837,0.20637797647325568,458.9105441176471,432.82947058823527,432.9179031288357
236,0.775,12,1,0.04752006916055651,0.775017740734412,0.2978924944431607,478.78721126760564,625.0392112676057,624.8873850590528
237,0.775,13,1,0.12592690624355438,0.7749691905941272,0.33082748552315505,550.8674444444445,693.6784444444444,693.9749278364952
238,0.775,14,2,0.09014502785272542,0.7748321676354295,0.28503586704121936,506.0903513513514,597.2544324324324,597.918111150708
239,0.775,15,2,0.046892251727931454,0.7750316647024172,0.28524012848575353,536.0145696202532,598.3656075949367,598.3465892168705
240,0.825,1,1,0.04166673563257891,0.8250504046019659,0.21761124774769175,538.4172432432432,456.1833648648649,456.4818721555232
241,0.825,2,2,0.18196364715059002,0.8248046976583449,0.33278970419302845,508.71145714285717,698.0287428571429,698.0910627388643
242,0.825,3,2,0.036539518179300255,0.8250000943615339,0.1690999614569529,592.8050120481928,354.586,354.72002383257086
243,0.825,4,1,0.07873222685140316,0.8251633521148891,0.17463921441198813,553.2701184210526,366.41248684210524,366.33968313524264
244,0.825,5,1,0.03570270988365941,0.8250518005678042,0.2355712102467223,524.0012083333334,494.0283472222222,494.15638296438567
245,0.825,6,2,0.027945950764819323,0.8247189825070715,0.21639574236287934,508.4775223880597,453.6732985074627,453.93211344857616
246,0.825,7,1,0.03216803703114802,0.8249631580029155,0.2841357375470697,489.7084776119403,595.4543134328358,596.0299146492652
247,0.825,8,2,0.32497863849743847,0.8248043666404723,0.2876357305662353,600.2314457831325,603.9100481927711,603.3718300256814
248,0.825,9,1,0.2758034421200501,0.8249679767096602,0.2860364473012746,561.7886753246754,599.8207532467532,600.017022650363
249,0.825,10,3,0.05954186322705595,0.8248268033433063,0.16768919383589082,604.1909493670886,351.70172151898737,351.7606646473072
250,0.825,11,3,0.13533063526624897,0.8251851741995974,0.20409457985506277,488.39792537313434,428.16167164179103,428.1280350777374
251,0.825,12,1,0.03329661560176611,0.8250532688394374,0.29137532904842584,509.5851571428572,611.2116285714286,611.2163644140857
252,0.825,13,1,0.057418346203145225,0.8249075456473267,0.2783787307074593,586.2522716049383,584.1913456790124,583.9534742659788
253,0.825,14,2,0.0592887137713622,0.8248322002687763,0.27319332885824826,538.6356666666667,573.3595733333333,573.0760864080174
254,0.825,15,2,0.07176190543041873,0.8250950012482582,0.3023070501581066,570.5256708860759,634.4912025316456,634.1477733815805
255,0.875,1,1,0.07866761764911609,0.8750839490997552,0.23440052938565126,570.9625199999999,491.6057333333333,491.7006524050079
256,0.875,2,2,0.16439162584414366,0.8749113497265958,0.3254802147558856,539.5093661971831,683.008971830986,682.7579884731598
257,0.875,3,2,0.09683263246641294,0.8750000890327198,0.19287499004044867,628.6266790123457,404.5347160493827,404.59276557121717
258,0.875,4,1,0.15852233327803572,0.8751633475129089,0.2033021166626043,586.6891298701299,426.668974025974,426.4656895627336
259,0.875,5,1,0.12143992932276083,0.8750863005936734,0.2628327255389882,555.672794520548,551.2463013698631,551.3427079692335
260,0.875,6,2,0.08255343575993836,0.8749062607334215,0.2533212252409485,539.3082985074627,531.7186865671642,531.390488090916
261,0.875,7,1,0.07307471423463589,0.8748154903069089,0.30210855896235594,519.1958382352941,633.6179558823529,633.7313995333512
262,0.875,8,2,0.3458954187421583,0.8747742690586279,0.2972306834040428,636.4899759036144,622.603578313253,623.499107820277
263,0.875,9,1,0.31108262413163856,0.874839285570248,0.3094729993297542,595.6445384615384,648.9925384615384,649.1797440517623
264,0.875,10,3,0.07496306162872944,0.8749213176923456,0.17490046323881317,640.773725,366.988825,366.88770330792136
265,0.875,11,3,0.12794681110188333,0.8751852170662171,0.20127758776515067,517.8853088235294,422.22891176470586,422.2188468516706
266,0.875,12,1,0.08790122551396186,0.8750887926585815,0.3163950805906119,540.3830704225352,663.4106056338028,663.7001543976127
267,0.875,13,1,0.02688957447309299,0.8748458639178569,0.2550065263821983,621.6370740740741,535.1884197530865,534.9257346742888
268,0.875,14,2,0.13937116619661266,0.8751677314503282,0.30392867521657446,571.3993733333333,637.8723733333334,637.5494470095998
269,0.875,15,2,0.1758375779189555,0.8751583704387006,0.3737294901972168,605.0367974683544,783.5512658227849,783.9702181330118
270,0.925,1,1,0.1583903891279525,0.9251175291767021,0.2705750201104574,603.5078243243242,568.2802432432433,567.5836750945246
271,0.925,2,2,0.11368166026318847,0.9250179235572484,0.30438622953314476,570.3072571428571,638.2121999999999,638.5092560874973
272,0.925,3,2,0.12337674527642901,0.9246951966588477,0.2033419736793508,664.2299024390244,426.6383170731707,426.549297399237
273,0.925,4,1,0.19172610250840225,0.9251633127423923,0.2152298660343528,620.1080921052632,451.29484210526317,451.48646132969003
274,0.925,5,1,0.1389119219025876,0.9251208135440128,0.2683882240263123,587.3444027777778,562.7041805555556,562.9964454322494
275,0.925,6,2,0.09061140687012606,0.925093533560666,0.25877001077442996,570.1390746268656,542.6518955223881,542.8203743998323
276,0.925,7,1,0.08236063573290364,0.9250370776318799,0.30618843589624933,548.9016323529412,642.1906323529412,642.2897340873957
277,0.925,8,2,0.374618800986466,0.9247441438029669,0.310406683474418,672.7484698795181,651.6129638554216,651.1383279520406
278,0.925,9,1,0.3477831706000147,0.9250323300596484,0.33385378759455,629.7188076923077,700.3667692307693,700.323184415862
279,0.925,10,3,0.07091993793059057,0.9250158512526901,0.1730098154786848,677.3565063291139,362.9500759493671,362.9217022943584
280,0.925,11,3,0.08041978837018743,0.9251852273465969,0.18314562198265263,547.372656716418,383.99511940298504,384.18352573696797
281,0.925,12,1,0.10306089784979193,0.9251242449616186,0.3233412200450154,571.1809428571428,678.2251,678.2710314787269
282,0.925,13,1,0.08947486845535589,0.9247841996117567,0.30292054964013543,657.021888888889,634.6988148148148,635.4347077428395
283,0.925,14,2,0.13069272009327795,0.9251677304045848,0.30059791999167634,603.9446756756757,630.7749054054054,630.5625407881156
284,0.925,15,2,0.1740400600745572,0.9252217314679927,0.37249593477171705,639.5479113924051,781.6509367088607,781.3825959587546
285,0.975,1,1,0.14066897061785844,0.9751511143012114,0.2625338635170243,636.0531333333333,550.31004,550.7157868118289
286,0.975,2,2,0.12384880892964878,0.9751245549294542,0.3086154906117259,601.1051408450704,646.1029295774648,647.3809529090862
287,0.975,3,2,0.13347072709231658,0.9750000775446268,0.20732227406740542,700.2700000000001,434.678421686747,434.898750801513
288,0.975,4,1,0.191521946518103,0.9751633086517433,0.2151565273278904,653.5271038961039,451.310025974026,451.3326191438016
289,0.975,5,1,0.06108800184126029,0.9751552852829928,0.24364286838338864,619.0159726027397,511.6303424657534,511.0882541602021
290,0.975,6,2,0.1074007833186086,0.9752807496973046,0.270122956852011,600.9698358208955,567.4332089552239,566.6353845779073
291,0.975,7,1,0.13063569962274488,0.9752586262822334,0.327398643163577,578.6073970588235,686.7008529411765,686.7822647925284
292,0.975,8,2,0.325451919815024,0.975015058542648,0.28785283433976633,709.2254166666667,603.9151666666667,603.8272473720697
293,0.975,9,1,0.3413837899695205,0.9752253703523289,0.32960257176286323,663.7930512820512,692.0593974358975,691.4054332340133
294,0.975,10,3,0.03499544711288255,0.9751103845963659,0.15621078503360675,713.9392875000001,327.75715,327.68247202783283
295,0.975,11,3,0.05375097084664933,0.9751852159579542,0.17297123993633126,576.86,363.0890882352941,362.8407825993738
296,0.975,12,1,0.08864935926256728,0.9751597352564525,0.3167378743682898,601.9788591549296,664.6868591549296,664.4192309481921
297,0.975,13,1,0.12073039473570352,0.9750308142811113,0.32684914241082796,692.6251463414634,685.3314268292684,685.6295802003395
298,0.975,14,2,0.14987909221537676,0.975167733726358,0.30796157800505786,636.4899733333333,645.6888933333333,646.0092441669719
299,0.975,15,2,0.14840552585882114,0.9752850843361346,0.35490411010053285,674.0590253164557,743.8943670886076,744.4803257698321
300,0.0245,21,3,0.35761206753464003,0.024682601413433907,0.3191420970626168,16.287861111111113,3073.466138888889,3062.8210948761307
301,0.0245,23,3,0.5375216184828715,0.02450325725264149,0.3563375586587925,17.04544736842105,3422.401763157895,3419.7876168704693
302,0.0245,24,3,0.5419540366655247,0.02440628123267518,0.38247189501781553,17.04544736842105,3679.566763157895,3670.6000212437434
303,0.0245,25,1,0.5104209447788712,0.024339304780999892,0.3374615553313307,16.287861111111113,3220.136916666667,3238.633761862244
304,0.0245,26,2,0.6377699215984644,0.024774717909346523,0.31798334102212483,19.696955555555558,3055.946044444445,3051.700460909946
305,0.0245,27,3,0.42696126000577206,0.024901649480487346,0.5110850782116102,17.424230769230768,4907.452205128205,4904.906539220387
306,0.0245,29,1,0.851556118669017,0.02494056486745529,0.42144059309029086,18.939372093023255,4048.2443023255814,4044.5843736521897
307,0.07500000000000001,21,3,0.5179931346697086,0.07475312682576099,0.40916329943135415,43.181828571428575,3919.1596571428568,3926.7586328530924
308,0.07500000000000001,23,3,0.7387451458658205,0.07483437784645944,0.4514493245585978,45.83331578947368,4327.739,4332.579522576622
309,0.07500000000000001,24,3,0.6752148831840185,0.0745382074212225,0.4455159810703077,45.83331578947368,4257.996394736842,4275.636957599005
310,0.07500000000000001,25,1,0.8049003217741661,0.07440883375256063,0.45880372764302924,43.560611111111115,4418.339138888889,4403.160060570639
311,0.07500000000000001,26,2,0.8157409778667474,0.07488736297953176,0.38053162624736514,53.40909090909091,3655.353181818182,3651.9791743715773
312,0.07500000000000001,27,3,0.7227949229447763,0.07536036785061362,0.7634894657049462,46.5908947368421,7356.126210526315,7327.242826313844
313,0.07500000000000001,29,1,0.8335930749273549,0.07541564604663334,0.41490817006727904,51.136380952380954,3983.1109047619047,3981.8924153687626
314,0.125,21,3,0.7157763386754447,0.12482365404404511,0.5201781601688937,70.07575,4965.9428333333335,4992.173256750106
315,0.125,23,3,0.866695195980573,0.12516551377663232,0.5119271194350528,74.62121052631578,4907.802131578947,4912.9876468074235
316,0.125,24,3,0.6799658266322969,0.12467014888542839,0.4477635946448036,74.62121052631578,4307.560473684211,4297.207406413049
317,0.125,25,1,0.8581593212271013,0.12447837405673291,0.48074945014049963,70.83333333333333,4616.127305555556,4613.77414885985
318,0.125,26,2,0.8846192074667522,0.1249999646730037,0.40473901839958254,87.12122222222222,3882.3156666666664,3884.2986083107594
319,0.125,27,3,0.7882171412325929,0.12516379483101958,0.8193075047047754,75.37878947368422,7831.412421052632,7862.931063299239
320,0.125,29,1,0.8824669625790837,0.12529690010543212,0.432681600534398,82.95454761904762,4152.416309523809,4152.464828923861
321,0.175,21,3,0.8630033074474256,0.17489419045629218,0.6028160237690685,96.96968571428572,5813.749171428572,5785.252559667801
322,0.175,23,3,0.8754500192317148,0.1748343990962918,0.5160652374294368,103.03032432432433,4949.381594594594,4952.7013517775285
323,0.175,24,3,0.6935759669177927,0.1748020954415205,0.4542023865162496,103.40910526315788,4351.2423947368425,4359.000782313291
324,0.175,25,1,0.8645894978797134,0.17454790869459944,0.4833990469011868,98.10605555555556,4649.310388888889,4639.202448436248
325,0.175,26,2,0.756300519473897,0.17511256569914158,0.3596411577440458,120.83331818181819,3450.579068181818,3451.492406243154
326,0.175,27,3,0.9049931468208936,0.17496721675290702,0.918940439887377,104.16668421052631,8848.397526315788,8819.112834461272
327,0.175,29,1,0.8593471680046036,0.1751781292801633,0.4242738785170344,114.77271428571427,4070.002595238095,4071.7755416388204
328,0.225,21,3,0.862452881940453,0.22496471816710997,0.6025070723021826,123.8636388888889,5785.082444444444,5782.2875385102025
329,0.225,23,3,0.8828863736730449,0.22450328179080942,0.5195801584328129,131.4393947368421,5000.647605263158,4986.434207126447
330,0.225,24,3,0.8611153197733961,0.22493402672195395,0.533463217094432,132.19697368421052,5124.58952631579,5119.670547056452
331,0.225,25,1,0.8503860852798801,0.22461746033138322,0.4775464369266328,125.37877777777778,4585.655555555556,4583.0346866300415
332,0.225,26,2,0.6150046418424728,0.22522521143666085,0.3099824377220757,154.54546666666667,2955.7837777777777,2974.9154311974703
333,0.225,27,3,0.8986281508259714,0.2247706234992387,0.9135098445334361,132.95455263157896,8752.216578947367,8766.995165996734
334,0.225,29,1,0.8038762055255033,0.22505936260223905,0.40410136223202026,146.59090476190477,3863.084023809524,3878.178993320247
335,0.275,21,3,0.8720014378971184,0.27503525999722805,0.607866635643785,150.75757142857142,5839.2314857142865,5833.723509549661
336,0.275,23,3,0.6781583850311825,0.27483440238462736,0.42281194856148135,160.22726315789475,4045.3661052631583,4057.7453339403964
337,0.275,24,3,0.7196417503947635,0.2750659580023875,0.4665337917225022,160.98484210526317,4496.510921052632,4477.345834071741
338,0.275,25,1,0.7642532164906557,0.2746870006355555,0.44205481943896746,152.65152777777777,4236.130916666666,4242.420033367399
339,0.275,26,2,0.6316936831608433,0.2753378134637998,0.31584783481756556,188.2575681818182,3050.285886363636,3031.20591157984
340,0.275,27,3,0.7815386656604231,0.2745740403626076,0.8136094495225621,161.74242105263158,7796.951763157896,7808.246570803637
341,0.275,29,1,0.8103140295236516,0.27494063739776087,0.4064425350481874,178.40909523809523,3916.6169999999997,3900.6473343949774
342,0.32499999999999996,21,3,0.6874681627234108,0.32510579378262855,0.5042889029043706,177.65152777777777,4844.705416666667,4839.6833383732555
343,0.32499999999999996,23,3,0.6487983342406998,0.32516552297844525,0.4089344148858272,189.01515789473683,3937.1549473684213,3924.562017549805
344,0.32499999999999996,24,3,0.6276918602284227,0.32519788419093476,0.4230334167840952,189.77273684210525,4054.0452631578946,4059.870774458302
345,0.32499999999999996,25,1,0.7426146076697546,0.3247565409397278,0.43313848775244274,179.92425,4155.830277777777,4156.849596155405
346,0.32499999999999996,26,2,0.688397515247216,0.32488735171826966,0.3357765105082691,221.5909090909091,3219.375818181818,3222.462310720616
347,0.32499999999999996,27,3,0.7038883202928488,0.32503275393362646,0.7473584094399817,190.90907692307692,7176.277384615384,7172.432352027608
348,0.32499999999999996,29,1,0.6647120192524891,0.3248218707198366,0.3534930495505731,210.22728571428573,3392.9965714285713,3392.4887347066647
349,0.375,21,3,0.7292989628242428,0.37517632362775927,0.5277683508740729,204.54545714285715,5066.719542857143,5065.01665917155
350,0.375,23,3,0.5342301814519559,0.37549664868438154,0.35478180425755584,217.80302631578945,3394.492842105263,3404.8569717364953
351,0.375,24,3,0.4624081896131195,0.3753298103794821,0.3448397220449818,218.5606052631579,3296.9333684210524,3309.442360477329
352,0.375,25,1,0.516293706824926,0.3748260755775943,0.3398814657216918,207.19697222222223,3257.234888888889,3261.8577509866054
353,0.375,26,2,0.5667301656510976,0.3749999967884549,0.2930162760931562,255.30304444444445,2814.1404444444447,2812.090413080425
354,0.375,27,3,0.6825698895429388,0.3754914704878743,0.7291695887280548,220.07576315789476,6992.632263157895,6997.873419564119
355,0.375,29,1,0.5775471285133563,0.3747030998945678,0.3217947501280757,242.04545238095238,3083.932714285714,3088.2787259472243
356,0.42500000000000004,21,3,0.6305558617542633,0.42524685790569344,0.47234427343947627,231.43938888888886,4535.972222222223,4533.109289090489
357,0.42500000000000004,23,3,0.44573409334300057,0.4251655252996233,0.3129526040405799,246.2121081081081,3016.5884864864865,3003.420251273966
358,0.42500000000000004,24,3,0.36940334239780276,0.4254617467518019,0.30084025975485146,247.34847368421052,2898.5061578947366,2887.177537046727
359,0.42500000000000004,25,1,0.4611583248463062,0.4248956102154608,0.3171625674111052,234.46969444444443,3038.1216944444445,3043.8234595582394
360,0.42500000000000004,26,2,0.5135164103664814,0.4251125994829279,0.2743141949051295,289.0151363636364,2631.6815227272727,2632.605696686099
361,0.42500000000000004,27,3,0.5317051884498293,0.42529488735124316,0.600452281524166,248.86363157894735,5765.237105263158,5762.5676187678955
362,0.42500000000000004,29,1,0.44410661893031517,0.4245843539533667,0.2732679041470152,273.86361904761907,2630.833476190476,2622.5643971056875
363,0.475,21,3,0.5108874898212665,0.47531738134788565,0.4051749315754197,258.33334285714284,3882.847457142857,3888.4820867135672
364,0.475,23,3,0.44039631624599584,0.47483440647432207,0.31042961176289524,274.6212105263158,2972.697894736842,2979.2069806292407
365,0.475,24,3,0.26769053842959734,0.4749340660120489,0.25272116901260633,275.7575675675676,2422.877513513514,2425.376453616826
366,0.475,25,1,0.4390068337152232,0.47496515051963306,0.3080348991811094,261.7424166666667,2965.2969444444443,2956.2248160098866
367,0.475,26,2,0.3966869700221437,0.4746621414911518,0.23325425341471576,322.3484772727273,2245.502090909091,2238.551586906453
368,0.475,27,3,0.46559978310362465,0.4750983193901677,0.5440513493900575,277.65152631578945,5245.068657894737,5221.285330091541
369,0.475,29,1,0.33748779205168006,0.4750594351325447,0.234495005221587,306.0606279069767,2242.647511627907,2250.4591379395756
370,0.525,21,3,0.4015304131125131,0.5246826954873766,0.34379327531943843,284.84848571428574,3291.096914285714,3299.3995640704693
371,0.525,23,3,0.39082286610396716,0.5251655475166133,0.28699786674740735,303.4091052631579,2761.3470526315787,2754.3314672333568
372,0.525,24,3,0.2781039931820611,0.5244063728866267,0.2576476478296754,304.16668421052634,2477.2673684210527,2472.656092947576
373,0.525,25,1,0.3621880574492145,0.5250346794911939,0.276381215036726,289.0151666666667,2650.6305833333336,2652.442982086105
374,0.525,26,2,0.34890733288091574,0.524774782140249,0.21646200396397958,356.0606222222222,2074.9358444444442,2077.395611804723
375,0.525,27,3,0.3485351944052672,0.5249017362535365,0.4441721959697774,306.43939473684213,4242.470605263158,4262.740591401107
376,0.525,29,1,0.2821615095512736,0.5255344956714496,0.21437510311696348,338.2575714285714,2055.297285714286,2057.367530282461
377,0.575,21,3,0.42944271868361367,0.5747532282877096,0.3594603322437944,311.7424166666667,3458.8657222222223,3449.7570157642454
378,0.575,23,3,0.3239475360658127,0.5754966732225495,0.25538809020792624,332.19697368421055,2449.148947368421,2450.9710165735128
379,0.575,24,3,0.1746680227636759,0.5745382990751741,0.20871334799334107,332.9545526315789,1995.9679473684212,2003.0314110858408
380,0.575,25,1,0.28624176209600993,0.575104225461672,0.2450870424151542,316.2878611111111,2352.3760833333336,2352.1113964562733
381,0.575,26,2,0.2690885123059523,0.574887381748302,0.1884095191366766,389.77272727272725,1803.8507045454544,1808.174650096565
382,0.575,27,3,0.3212462505176874,0.5747051429998683,0.4208893514859678,335.22726315789475,4045.409078947369,4039.2940831213145
383,0.575,29,1,0.2833434307035492,0.5754157248461808,0.21480491941410929,370.0757380952381,2067.1246666666666,2061.492496665575
384,0.625,21,3,0.2865091406621434,0.6248237532075029,0.27923233038418466,338.6363714285714,2676.545857142857,2679.8052646257474
385,0.625,23,3,0.23811150389774136,0.6251655473508148,0.21481621124567746,360.6060540540541,2056.2477297297296,2061.6008648822567
386,0.625,24,3,0.1410114433855595,0.6246702354474938,0.1927908295493956,361.7424210526316,1852.7076842105264,1850.2222836704061
387,0.625,25,1,0.29747806799339915,0.6251737544332326,0.24971703647538254,343.56061111111114,2403.4086111111114,2396.545658207822
388,0.625,26,2,0.22703882457038063,0.6249999958708706,0.17363107191460686,423.48484444444443,1664.7561333333333,1666.3452257809508
389,0.625,27,3,0.24924019708901293,0.6245085497462001,0.35945400423400786,364.01515789473683,3434.0568157894736,3449.6962855690085
390,0.625,29,1,0.2583537605477102,0.6252969913470133,0.2057172002607644,401.8939523809523,1970.341642857143,1974.2772462070511
391,0.675,21,3,0.2185889504738721,0.6748942866645478,0.24110902010148008,365.53030555555557,2310.29825,2313.934136952277
392,0.675,23,3,0.12061718364862974,0.674834415676135,0.1592804971697438,389.01515789473683,1524.0795789473684,1528.6221129208523
393,0.675,24,3,0.10394566697601337,0.6748021616360411,0.17525546144529489,390.5302894736842,1680.5262894736843,1681.9345653468654
394,0.675,25,1,0.18314169047545265,0.6752432947374049,0.20260397693335644,370.8333333333333,1937.0933055555554,1944.3995015660028
395,0.675,26,2,0.2664796451874113,0.6751126295129602,0.18749262754729779,457.1969772727273,1801.4923863636361,1799.3752001728121
396,0.675,27,3,0.2232809098499125,0.6749672657816255,0.3373056187857309,393.18182051282054,3256.2638974358974,3237.137231803311
397,0.675,29,1,0.22625316379999316,0.6751782371111229,0.1940435284564222,433.712119047619,1863.2927857142859,1862.2444915623862
398,0.725,21,3,0.12649667537544232,0.7249648168380342,0.18941802264570592,392.42422857142856,1816.072257142857,1817.8533037437694
399,0.725,23,3,0.11811239781194305,0.7251655413820712,0.1580965670039898,417.80302631578945,1524.0465263157896,1517.259881739486
400,0.725,24,3,0.10352487723674376,0.7249340878245885,0.1750563909363976,419.31818421052634,1679.473052631579,1680.0240766973573
401,0.725,25,1,0.2506853934791784,0.7253128293752715,0.2304358058786453,398.10605555555554,2214.260027777778,2211.502818825617
402,0.725,26,2,0.1857767462528256,0.7252252242828414,0.15912943160461124,490.9090888888889,1524.8457555555553,1527.1723298810844
403,0.725,27,3,0.12166862251777867,0.7254259899885039,0.25061032220904567,422.34847368421055,2393.6978684210526,2405.118561669939
404,0.725,29,1,0.22642554980867685,0.725059466285854,0.19410621818474252,465.53030952380954,1871.9559761904761,1862.8461277116087
405,0.775,21,3,0.12572759726762117,0.7750353392951589,0.18898634241550005,419.31819444444443,1816.6134444444444,1813.7104491110376
406,0.775,23,3,0.11073279144900779,0.7754966670880075,0.15460846895724178,446.59089473684213,1484.639447368421,1483.7844475147122
407,0.775,24,3,0.05912154441700127,0.7750660241969081,0.15404971411841115,448.1060526315789,1476.754447368421,1478.4220521335135
408,0.775,25,1,0.21409415172667715,0.7753823810120553,0.2153581430313011,425.37877777777777,2073.599027777778,2066.8018086633156
409,0.775,26,2,0.11817636953407294,0.7753378284788159,0.13537114341439963,524.6211818181818,1301.9122954545455,1299.1629669143138
410,0.775,27,3,0.09084133216589721,0.7752294220274285,0.22430857121139072,451.1363684210526,2152.988947368421,2152.6994714613816
411,0.775,29,1,0.10365358993212806,0.7749406954605853,0.14945908661773752,497.34847619047616,1426.9041904761905,1434.3655930289565
412,0.825,21,3,0.10259952354004011,0.8251058804685654,0.17600465422361244,446.21211428571434,1692.1236285714285,1689.1246022197183
413,0.825,23,3,0.10387370109744251,0.8251655536511553,0.15136640176813948,475.0,1444.7793783783784,1452.6701825237164
414,0.825,24,3,0.03444196941086569,0.8251979758448864,0.14237410728358724,476.8939473684211,1368.1113684210527,1366.3707269140696
415,0.825,25,1,0.1265857215627003,0.8254519213162275,0.1792997163936586,452.6515277777778,1716.9378055555555,1720.747462432251
416,0.825,26,2,0.029593321339856725,0.8248874042708262,0.10423845318514871,557.9545454545455,998.8365227272727,1000.3811350844472
417,0.825,27,3,0.08343461235631984,0.8250328388907974,0.21798918024587852,479.92423684210524,2095.5653947368423,2092.051991438892
418,0.825,29,1,0.04295188740899335,0.8248219495193839,0.1273843644937546,529.1666428571428,1220.9748571428572,1222.513489507815
419,0.875,21,3,0.09262403158504523,0.8751764034182238,0.17040545354456949,473.10605555555554,1634.317611111111,1635.3888208481599
420,0.875,23,3,0.07060508146727004,0.8748343993173564,0.13564141571294144,503.40907894736836,1305.1885,1301.7567823493614
421,0.875,24,3,0.04226123532581087,0.8753298663902305,0.14607330690664164,505.6817894736842,1403.3950263157894,1401.8721124847295
422,0.875,25,1,0.06910850604014769,0.8755214616203999,0.15561585010360718,479.92425000000003,1493.8146388888888,1493.452329796826
423,0.875,26,2,0.02530904167417081,0.8750000206456472,0.10273273449058716,591.6666666666666,985.3603555555555,985.9306848834271
424,0.875,27,3,0.0728850322997067,0.8748362001104619,0.20898831041231136,508.7121052631579,2001.647894736842,2005.6702378181071
425,0.875,29,1,0.023687329914202786,0.8747032077255273,0.12037863424464143,560.9848571428572,1155.322,1155.2791804351841
426,0.925,21,3,0.022122496604479566,0.925246932278287,0.13083324554543485,500.0,1255.039257142857,1255.6125564627216
427,0.925,23,3,0.02946467990519156,0.9251655608081207,0.11619569635155844,532.1969736842105,1114.376552631579,1115.1353368764396
428,0.925,24,3,0.02967001066841598,0.9254618384057534,0.14011655162896222,534.4697105263158,1339.7267894736842,1344.7048635087613
429,0.925,25,1,0.03617212785732985,0.9255909452615144,0.14204419793033254,507.19694444444445,1359.27225,1363.204571976048
430,0.925,26,2,0.10995556627148394,0.9251126332667142,0.13248192559420605,625.3787954545455,1272.9750000000001,1271.4350132258826
431,0.925,27,3,0.05375067598624124,0.9246396574419793,0.1926629354113762,537.5,1848.744052631579,1848.994877861388
432,0.925,29,1,0.06699162064223962,0.924584453489637,0.13612663050937976,592.8030238095238,1308.4824285714287,1306.4134106279732
433,0.975,21,3,0.018688643135332698,0.9753174675412885,0.12890583837966052,526.8939166666667,1232.2810833333333,1237.115142990532
434,0.975,23,3,0.02522937500426596,0.9754966916261754,0.1141938065452809,560.9848421052632,1096.0668947368422,1095.9231101450932
435,0.975,24,3,0.0362604442218266,0.9755937645943007,0.14323440560422412,563.2575789473684,1378.0984473684211,1374.6270486860487
436,0.975,25,1,0.04620846728226062,0.9756605308961327,0.146179737879869,534.4696944444445,1403.3798055555555,1402.8935353335144
437,0.975,26,2,0.11811537915823107,0.9752252563982926,0.13534970822429546,659.0909111111112,1298.8497333333332,1298.9572524284217
438,0.975,27,3,0.018993199113951774,0.9750983751635774,0.1630079611477717,566.6666666666666,1561.5118205128206,1564.3947527805663
439,0.975,29,1,0.08970338110766506,0.9750595202013339,0.14438596723934463,625.0,1386.6639302325582,1385.6786376195046
