 ,Ctrl+ nuclei,Ctrl- nuclei,Ctrl+ membranes,Ctrl- membranes,Channel #2 in nuclei,Channel #2 in membranes,Channel #4 in nuclei,Channel #4 in membranes
1,29607.057,2072.199,2968.363,1982.109,4418.117,3022.676,1056.989,831.878
2,24737.289,2224.305,2934.232,1878.904,3416.830,3187.614,815.055,869.286
3,15322.469,2116.868,2832.365,1544.268,1890.987,3193.297,588.879,848.108
4,11301.469,2156.333,2830.941,1303.048,1815.575,3212.237,553.305,858.862
5,11823.979,1751.063,2817.050,1308.533,1653.234,2256.431,554.387,717.174
6,16685.735,2133.604,2988.049,1472.358,1917.873,2136.523,716.847,705.880
7,24315.244,2407.129,3110.199,1797.914,2683.601,2053.805,936.012,717.864
8,26068.624,2526.591,2937.254,1786.893,3218.412,2075.406,959.802,749.534
9,22797.155,2691.428,2962.045,1598.333,2924.414,2224.893,883.213,833.567
10,22977.070,2439.792,3044.644,1764.718,3004.640,2011.534,919.798,795.063
11,19587.935,3146.841,3189.581,1360.993,2485.032,2316.145,733.341,863.136
12,25811.667,2872.087,3292.619,1923.811,2668.539,2531.602,977.098,962.403
13,23752.598,2818.866,3211.179,1888.212,2383.105,2668.097,1001.392,975.581
14,24888.347,2058.340,3328.341,1941.159,2688.188,2393.722,1031.671,855.701
15,25107.617,1744.587,3710.781,1841.824,2695.547,2473.676,1018.637,861.871
16,22821.102,1748.489,3315.230,1873.447,2501.283,2010.958,956.301,740.098
17,27151.130,1593.329,2897.947,2278.858,2705.736,1708.976,1076.475,662.740
18,29154.714,1565.271,2796.314,2192.592,2796.654,1539.903,1146.997,606.124
19,33600.208,1989.138,2947.756,2019.578,2885.507,1784.448,1058.918,677.824
20,32143.413,2709.584,3135.591,2012.560,2760.955,2244.587,1110.334,782.120
21,20851.116,2498.114,3251.545,1726.605,1783.230,2070.506,759.194,738.160
22,15391.144,3067.277,3321.225,1500.175,1489.237,2455.506,588.299,877.489
23,16657.978,4051.470,3454.953,1262.980,1584.130,3289.403,602.772,1045.535
24,24317.698,3933.631,3370.652,1793.023,2087.284,3233.131,954.728,1046.226
25,27556.253,3258.535,3199.008,2300.221,2694.672,2752.247,1094.850,920.679
26,22146.990,3511.074,3306.629,2121.656,2144.267,2650.246,1000.157,996.552
27,27396.751,3094.198,3382.595,1683.221,2472.487,3005.220,905.552,948.885
28,30131.034,3045.095,3373.923,1760.036,2878.847,3299.912,979.829,941.484
29,29892.240,3346.916,3357.515,1940.767,2683.204,3142.920,987.075,865.284
30,25840.435,3444.223,3231.613,1581.745,2160.622,2837.524,817.955,839.692
31,18324.996,3528.097,3297.817,1615.252,1783.798,2630.498,844.830,863.862
32,17532.449,3683.083,3295.047,1956.586,2086.059,2731.481,1052.913,967.227
33,19983.246,3136.068,3116.693,1731.613,2263.863,2580.851,902.810,888.804
34,23544.655,3005.132,3206.517,1795.553,2503.920,2303.435,843.705,919.476
35,23631.988,3073.689,3314.895,1875.257,2365.532,2251.333,960.008,893.384
36,29299.108,2997.702,3438.502,2375.637,2986.727,2229.972,1249.837,922.209
37,27981.251,3062.427,3525.900,2424.448,2972.836,2398.897,1360.247,929.453
38,29633.590,2943.858,3192.837,2091.923,3047.181,2322.580,1225.421,852.193
39,25902.112,3786.805,3434.494,1961.799,2865.414,2819.592,1128.250,1047.047
40,18927.259,3409.280,3549.207,2193.241,2181.435,2698.095,1158.321,1018.317
41,19467.802,4292.879,3761.839,2018.628,2000.043,3123.921,1028.159,1167.663
42,23149.688,5710.693,3902.673,1980.615,2427.469,3940.244,1123.210,1384.980
43,21354.288,4951.462,3797.131,1716.184,2327.164,3394.712,1066.878,1299.323
44,17287.432,4952.260,3805.456,2058.006,2457.988,3297.128,977.451,1233.148
45,19597.728,5412.494,3720.474,1974.661,2414.304,3898.602,982.455,1365.469
46,21100.844,4872.107,3667.197,2178.855,2227.874,3379.101,926.148,1203.486
47,19503.226,5205.775,3715.178,1665.564,1880.112,3688.084,767.941,1278.847
48,16570.896,5121.118,3556.306,1535.149,1777.459,3631.150,779.706,1264.301
49,16990.524,5754.507,3875.307,2072.316,2027.384,3696.335,928.364,1247.281
50,15755.823,5140.843,3745.524,1781.047,1744.455,3554.396,899.720,1279.535
51,23852.445,6168.887,3883.077,2401.687,2713.787,4157.469,1232.094,1476.715
52,23560.259,5252.882,3850.766,2139.310,2676.620,3414.846,1048.137,1213.086
53,25739.628,3893.951,3526.808,2049.887,2799.638,2518.124,1032.511,986.026
54,33716.634,2766.662,3245.653,2435.245,3488.074,2005.371,1352.430,777.649
55,39714.377,2415.061,3121.938,2603.276,3907.399,1877.951,1393.983,717.723
56,43765.682,2389.063,3145.816,3018.733,4276.514,2052.450,1625.792,756.296
57,38572.746,2768.977,3206.708,2926.364,4000.064,2300.477,1503.067,883.961
58,36668.700,3425.783,3385.171,2815.629,4101.425,2577.977,1424.894,947.449
59,37484.435,4273.710,3682.492,2834.083,4136.275,2829.888,1452.125,1052.875
60,33341.613,6135.339,4124.845,2403.473,3362.442,3607.365,1106.694,1308.457
61,19362.275,6888.544,4232.679,1622.206,2118.086,4108.659,720.024,1453.916
62,21804.705,6545.714,3915.118,1869.152,2558.966,4076.655,920.587,1411.260
63,24863.047,5678.380,3863.070,1914.888,2548.158,3687.677,983.177,1334.503
64,24272.775,5354.882,3817.290,2296.333,2304.264,3553.487,1078.293,1272.126
65,28762.379,5638.677,3992.543,2777.350,2778.512,3814.496,1289.471,1261.817
66,23915.200,4566.250,4118.057,2689.553,2656.348,3834.644,1168.513,1249.760
67,20200.812,3982.046,3997.780,1809.365,2332.867,3515.446,886.181,1171.431
68,21980.050,5359.178,3900.169,1698.508,2682.164,3772.429,873.375,1246.160
69,32953.861,6500.399,4326.584,2430.301,3600.852,4134.017,1190.687,1391.199
70,34072.531,5644.926,3829.886,2394.541,3681.220,3699.789,1316.526,1223.543
71,37553.182,5046.598,3470.043,2648.665,3995.136,3336.871,1294.186,1098.871
72,40560.785,4789.271,3539.543,2768.443,4050.812,3339.763,1342.538,1006.994
73,30875.055,4898.551,3720.562,2139.344,3069.809,3707.624,1011.220,1187.706
74,26959.928,6100.791,3818.670,2354.484,2917.176,4249.243,1179.442,1336.016
75,34687.413,7264.502,4370.783,3178.889,3575.322,5088.364,1827.291,1667.477
76,38781.167,7119.840,4580.480,2754.365,4068.853,5064.339,1469.229,1627.949
77,43428.388,5758.068,4315.632,2693.091,4257.429,4282.025,1392.757,1413.553
78,43882.846,5235.975,4147.179,3102.894,4105.046,3866.197,1466.708,1290.651
79,34800.658,4591.518,3826.778,2824.685,3784.598,3159.318,1351.184,1119.421
80,30871.347,4120.273,3701.865,2507.773,3468.407,3147.800,1271.776,995.646
81,30418.700,4143.797,3813.117,2351.498,3435.507,2913.983,1258.764,993.876
82,37846.628,3505.174,3630.275,2441.698,4336.550,2494.470,1315.819,828.806
83,41187.508,3573.231,3443.496,2834.739,4636.581,2377.929,1400.833,817.297
84,34245.399,4817.707,3496.739,2327.951,3673.419,2850.913,1160.017,950.386
85,34722.285,5630.777,3637.958,2432.137,4051.242,3429.750,1252.712,1073.338
86,30821.821,6318.317,3868.784,2375.318,3853.928,3773.446,1239.958,1165.155
87,30842.783,7349.110,4116.154,2423.793,3750.428,4577.598,1310.720,1422.742
88,38665.176,8421.819,4337.965,2980.599,4664.121,5017.709,1501.134,1539.167
89,41939.211,8854.226,4737.379,3172.357,4812.422,5090.203,1561.863,1587.629
90,32062.609,7883.098,4220.318,2238.700,3695.872,4604.195,1116.172,1488.363
91,32758.575,7042.238,4057.072,2674.570,3818.749,4258.275,1323.844,1351.444
92,42671.707,6553.343,3698.923,2911.780,4450.341,4182.397,1429.771,1280.392
93,46645.656,6460.800,3545.193,2896.728,4197.986,4062.919,1402.717,1379.683
94,50714.959,6372.016,3860.084,3345.499,4502.253,3905.126,1628.498,1303.429
95,48147.212,6470.251,3866.591,2973.219,4745.679,3896.004,1429.657,1196.550
96,47564.444,6227.418,3974.612,2995.173,4610.545,3913.851,1547.888,1210.726
97,42768.116,5374.882,3591.332,3014.968,4406.522,3548.447,1627.666,1116.656
98,42902.322,6649.539,4157.521,2791.494,4575.659,4645.703,1590.841,1340.321
99,41537.004,8524.125,4568.477,2944.880,4420.569,6385.256,1496.790,1796.226
100,44836.178,9045.970,5039.433,3617.792,5341.627,6826.527,1647.612,1963.298
101,33248.524,10589.689,5471.151,2548.036,4257.488,7906.286,1179.365,2108.540
102,37194.469,9134.744,4827.854,2923.670,3885.449,6030.055,1377.971,1755.321
103,34581.428,7127.702,4442.509,2844.659,3695.470,4468.590,1315.729,1355.753
104,43909.347,7525.894,4389.148,3149.097,4908.857,4704.852,1570.821,1489.497
105,48154.172,7771.084,4436.131,3176.756,5535.372,4427.892,1444.372,1423.366
106,46888.907,7880.000,4247.160,3274.962,4874.641,4611.251,1484.687,1334.878
107,44260.141,7318.744,4026.399,3056.554,4597.437,4549.868,1426.388,1263.823
108,37838.847,7623.502,4232.190,2659.696,4080.536,4718.758,1293.638,1370.003
109,32393.968,8436.768,4559.994,2291.916,3652.542,5943.759,1216.633,1623.887
110,34875.477,9907.305,5121.976,2663.025,4372.725,7025.472,1253.914,1854.637
111,31953.316,10702.130,5317.163,2428.870,4065.726,7713.393,1149.883,1905.346
112,39300.302,10089.135,5214.133,2879.456,5080.419,7347.225,1355.214,1845.829
113,43259.067,8583.105,4831.217,3132.388,5240.133,5731.746,1557.388,1542.739
114,44418.602,6691.341,4164.746,2798.952,4876.352,4352.852,1360.966,1247.704
115,40617.635,6409.475,4221.459,2703.614,4300.040,4242.334,1149.543,1212.219
116,46547.673,7278.970,4706.054,3204.720,5187.790,5058.813,1305.130,1371.659
117,49048.087,8739.002,5063.008,3447.250,5425.663,5881.053,1457.370,1550.691
118,48466.571,10039.463,5496.375,3753.862,5389.873,7332.024,1449.423,1713.044
119,42487.044,10183.832,5454.373,3160.388,4973.346,7041.346,1324.703,1737.638
120,32045.918,9873.107,5396.900,2293.268,3654.206,6645.426,1013.906,1679.339
121,30096.874,7319.423,4482.518,2190.667,3264.518,5203.181,936.159,1342.991
122,38800.968,7058.869,4595.061,2919.274,4451.171,4912.963,1353.744,1354.766
123,42405.549,6615.834,4537.260,3072.651,5218.164,4772.069,1305.275,1353.432
124,44291.227,6446.134,4324.100,3343.387,5790.198,4367.974,1421.586,1206.653
125,40924.032,6603.294,4567.421,3003.617,4731.916,4303.969,1240.076,1305.756
126,45343.237,8338.940,5236.185,3219.621,4977.647,5660.303,1410.911,1513.263
127,45496.466,8775.781,5518.599,3029.184,5179.991,6138.250,1430.364,1611.985
128,40221.742,9711.241,5187.751,3070.788,4393.149,6456.836,1352.151,1671.893
129,40051.739,9665.302,5127.047,2991.180,4223.661,6578.466,1208.845,1705.587
130,46789.378,9642.393,5193.892,3208.324,4807.134,6672.463,1395.256,1642.659
131,49296.841,9749.846,4951.969,3445.427,5796.564,6546.085,1652.271,1571.994
132,47444.388,8576.541,4584.952,3250.471,5508.664,5935.694,1549.058,1338.099
133,50057.726,7873.783,4328.113,3491.924,6324.719,5151.309,1681.064,1279.890
134,52701.395,8790.850,4721.164,3654.321,6837.398,5957.663,1721.042,1432.938
135,38243.053,10360.431,5268.711,2611.047,4517.528,7330.479,1182.714,1761.148
136,40037.805,10657.452,5685.240,2855.027,4457.032,7892.510,1100.948,1882.789
137,36950.257,10733.857,6032.921,2705.770,3763.709,8514.135,1193.288,1932.403
138,41185.603,10444.327,5889.904,2652.426,4648.218,7897.735,1294.838,1860.602
139,42534.375,9133.787,5204.665,2832.832,4828.807,6537.277,1211.466,1592.512
140,44936.710,7705.770,4862.915,3053.753,5456.217,6071.311,1267.391,1404.142
141,38728.428,7235.421,4564.232,2794.226,4742.626,5602.558,1124.036,1314.343
142,53007.774,7901.960,4760.017,3748.838,6198.803,6057.804,1552.153,1412.484
143,45049.297,9560.342,4933.516,3080.513,5427.330,6349.506,1401.502,1483.887
144,40768.402,10350.335,5139.897,2832.001,5524.000,7133.406,1337.868,1547.949
145,55290.001,9997.514,5299.908,3567.916,6720.133,7657.176,1602.485,1634.600
146,58137.443,10251.958,5545.514,3605.460,6961.832,7800.355,1620.031,1758.911
147,52854.655,9072.238,5485.545,3536.408,6291.411,7596.309,1619.407,1645.882
148,48543.232,9086.827,5253.741,3049.690,5516.938,8198.444,1440.307,1672.645
149,34549.161,8927.724,5089.021,2286.469,3705.269,8183.385,1162.263,1608.770
150,41570.878,8579.988,5269.537,2779.844,4556.259,6835.850,1311.974,1552.642
151,44087.369,8802.022,5226.409,2705.580,4369.004,7182.499,1248.199,1565.799
152,43091.973,8858.224,4817.506,2805.993,4786.472,6647.037,1264.798,1445.880
153,44279.543,9381.269,4446.857,2921.501,5258.173,6250.115,1276.046,1393.462
154,52491.851,10309.170,4938.197,3315.125,6283.752,6923.504,1417.096,1455.179
155,60626.570,9588.721,5138.338,3366.110,6827.262,7345.198,1535.095,1474.506
156,49411.366,8689.717,4794.477,3260.990,5859.218,6336.705,1351.796,1352.813
157,43821.742,7574.811,4569.159,3164.450,5960.706,5275.346,1224.300,1194.701
158,32603.833,6886.201,4196.823,2544.472,4634.106,5089.268,1030.399,1141.133
159,40522.607,7120.830,4448.140,3035.548,5374.187,5326.016,1399.823,1183.112
160,54253.899,9060.730,5001.470,3769.434,6974.456,5996.075,1777.330,1398.528
161,42004.145,9304.609,5290.377,2924.323,5788.827,6877.300,1311.615,1439.308
162,30724.102,9416.920,5187.332,2248.453,4020.505,6983.821,1012.469,1497.956
163,35229.791,8439.406,4859.237,2423.212,4597.850,6546.062,1078.142,1433.149
164,44038.594,8755.945,4946.129,3102.278,5677.840,6690.671,1450.957,1492.543
165,42992.771,8273.858,4684.969,2844.776,6036.072,6857.704,1384.967,1352.957
166,50483.402,8156.594,4567.410,3119.180,6468.965,6739.093,1544.042,1323.292
167,57591.207,8265.368,4934.572,3575.836,7526.057,7014.725,1708.722,1479.718
168,56915.940,7768.072,4711.882,3621.399,8160.745,6319.792,1790.486,1330.894
169,54688.342,8166.947,4628.301,3511.772,7349.596,6635.838,1583.507,1364.600
170,53217.086,9922.206,5186.141,3448.377,7447.550,7984.821,1593.342,1607.310
171,46762.256,10579.927,5781.912,3100.054,6511.667,9252.843,1559.787,1713.930
172,30914.978,10318.489,5832.907,2055.528,5358.903,9539.737,1095.298,1798.568
173,36230.668,9999.452,5882.864,2479.092,5697.294,9307.195,1192.876,1758.572
174,36888.258,9443.890,5962.436,2829.885,5785.714,8045.711,1214.944,1622.214
175,37253.299,8315.283,5058.402,2782.621,5815.704,6044.402,1266.923,1429.310
176,25646.681,8134.672,4564.919,1904.963,4073.811,5903.100,888.326,1340.160
177,43085.111,8189.037,4513.176,3052.835,6594.675,5590.260,1444.404,1292.475
178,52385.567,8416.166,4956.142,3743.621,7643.681,6239.359,1762.370,1484.542
179,52784.632,9130.086,5016.940,3621.633,7650.140,6300.011,1709.949,1419.725
180,52579.112,8872.294,5164.378,3573.707,7384.196,6707.441,1668.142,1519.921
181,47351.561,7741.669,4874.142,3161.370,6536.582,5942.052,1498.916,1311.733
182,34221.547,7181.378,4643.893,2188.479,5199.820,5052.184,1168.429,1132.325
183,37389.085,7532.971,4514.321,2543.773,5835.972,5474.048,1241.550,1124.205
184,44504.142,7949.142,4712.358,2978.138,5811.690,6305.808,1325.150,1342.562
185,37007.899,8103.300,4705.267,2614.950,4620.252,6395.629,1070.444,1369.338
186,38521.679,7927.989,4890.463,2557.054,4378.072,6972.786,1145.268,1418.198
187,44880.235,7449.765,4617.829,2856.070,5108.559,6749.167,1377.941,1242.225
188,44772.214,9261.076,5091.151,2747.416,5574.465,7952.412,1242.993,1587.560
189,42918.597,11293.359,5504.708,2597.696,5507.387,8771.331,1206.487,1837.371
190,46327.079,10460.018,5401.623,2770.252,6285.203,8033.939,1349.752,1636.068
191,46839.358,9235.950,5433.899,2995.781,6581.907,7360.712,1395.183,1452.373
192,30669.219,9570.927,4961.665,1942.734,3760.684,7643.509,935.009,1522.836
193,49430.284,9533.588,5333.451,3395.465,6036.573,8695.905,1603.645,1631.011
194,34441.082,9500.079,5384.559,2462.725,4596.635,9179.270,1199.796,1577.968
195,43147.308,9861.139,5441.228,3002.687,5901.200,8768.965,1396.482,1694.884
196,47763.552,8510.664,5025.506,3329.365,7140.231,7177.162,1596.306,1462.380
197,49254.611,7432.393,4760.636,3357.613,7158.426,6173.413,1514.312,1316.290
198,65764.197,8392.167,5405.853,4721.942,9495.629,7112.357,2054.078,1449.397
199,55465.202,9005.331,5566.902,4022.891,8243.240,7344.156,1875.990,1529.784
200,47868.947,8696.693,5438.623,3387.277,6874.920,6991.077,1642.622,1487.341
201,39234.688,8366.870,5051.043,2809.414,5374.542,7116.146,1299.714,1492.772
202,40541.339,10102.717,5549.081,2803.573,5741.785,9336.818,1267.081,1752.297
203,27547.444,11082.047,5726.367,1991.203,4487.532,9486.525,973.192,1696.711
204,21270.205,9854.348,5781.022,1352.662,3086.508,8643.720,662.992,1600.297
205,37735.464,11188.323,5943.015,2476.764,5382.028,9980.592,1117.318,1835.931
206,40783.599,10839.754,5811.965,2842.871,5913.041,9482.611,1239.950,1802.146
207,46039.135,10854.606,5680.709,3128.604,6419.985,9424.905,1324.096,1707.789
208,48933.515,9853.180,5331.477,3295.758,6447.814,7689.113,1383.155,1527.061
209,45784.803,8503.942,4905.908,3157.615,6207.643,6468.540,1394.496,1442.298
210,43903.451,8946.781,5168.627,3134.574,6357.604,6963.472,1449.294,1429.951
211,34828.031,9378.952,5481.452,2432.274,4964.013,7569.726,1086.422,1502.492
212,35112.640,9004.136,5654.611,2321.825,4882.476,8705.305,1120.125,1694.618
213,42651.304,9876.658,5694.677,2906.741,5795.107,8996.911,1398.668,1809.763
214,48303.327,9494.785,5962.413,3246.643,6433.724,9296.547,1588.571,1799.089
215,52798.957,8781.456,5576.485,3698.966,7188.875,8739.981,1750.418,1628.965
216,45105.927,8100.487,5639.891,3076.213,6379.100,8369.545,1373.500,1692.037
217,45225.281,8643.004,5752.804,2952.238,6204.665,8060.472,1367.676,1702.834
218,42525.781,8876.191,5426.771,2884.676,5714.228,7673.908,1280.962,1528.415
219,34872.899,8854.903,5017.965,2381.249,5333.880,7522.299,1165.757,1456.453
220,49817.688,8930.393,4894.544,3240.879,7564.066,7406.576,1591.396,1465.725
221,43888.020,7867.444,4750.210,3014.645,6639.678,6868.667,1462.928,1321.593
222,41727.290,8196.167,5057.419,2945.304,6875.170,6600.678,1326.713,1378.308
223,49493.630,8894.102,5156.532,3482.059,7842.955,7079.168,1536.147,1463.368
224,37330.773,9068.319,5072.854,2784.054,5407.540,7216.406,1178.756,1510.026
225,43093.121,9559.937,5122.172,3113.392,5771.934,7525.109,1402.810,1555.737
226,46633.682,10014.133,5248.996,3352.630,5975.604,8005.007,1472.834,1601.787
227,50340.589,8073.890,4925.828,3470.901,6710.641,7235.555,1489.684,1387.864
228,44245.247,8853.073,4880.636,3161.094,6136.486,6892.867,1378.815,1382.112
229,41225.601,7745.609,4636.429,2723.890,4982.827,6021.980,1314.988,1293.521
230,38409.364,7655.744,4507.213,2526.101,5413.057,5634.134,1242.703,1237.975
231,49265.603,7443.792,5262.664,3535.371,7003.109,6677.817,1519.474,1317.414
232,41085.737,9002.022,5843.074,2855.500,5825.117,8212.291,1298.575,1683.349
233,44980.151,10429.683,6001.899,2882.567,6129.275,9216.439,1305.022,1821.694
234,40322.382,10700.842,5928.667,2626.754,5372.233,9378.137,1218.052,1754.114
235,37541.638,11423.287,6080.978,2578.629,5247.303,9508.088,1224.181,1812.214
236,48007.242,11529.988,6111.315,3275.644,7092.627,9805.855,1529.493,1897.578
237,43136.310,10591.788,5765.990,3121.830,6032.091,9053.933,1393.861,1751.992
238,46878.889,11068.297,5730.462,3263.669,6814.420,9335.037,1560.538,1752.877
239,45160.372,11667.923,5764.705,3167.743,6754.741,10361.854,1521.320,1854.629
240,43249.855,12351.033,6093.916,3151.128,6405.401,10169.252,1452.427,1967.935
241,50417.361,10785.866,5673.707,3471.820,6847.579,9210.675,1572.597,1897.098
242,31707.876,10733.290,5866.482,2314.396,4007.382,9528.069,1050.411,1921.993
243,40123.131,11937.451,6055.610,2849.015,5723.006,10464.663,1366.235,2070.048
244,39312.905,12232.228,6176.176,2854.800,6104.080,9552.308,1419.209,1997.680
245,42495.562,10704.885,5728.570,3117.908,7382.137,9022.507,1478.615,1800.441
246,42797.742,8633.300,4950.757,2881.857,6823.263,7340.846,1452.293,1494.881
247,44184.222,8179.013,4808.306,2892.862,6938.241,6784.231,1414.810,1423.076
248,48857.813,9576.093,5756.423,3265.496,7903.378,8622.786,1538.806,1739.735
249,45208.491,10016.518,6298.976,2909.824,5608.294,8869.348,1333.579,1823.844
250,49855.715,9943.472,5803.710,3520.297,5927.576,7426.732,1511.920,1638.308
251,36273.318,8252.462,5493.262,2518.133,5019.267,6829.538,1078.121,1486.102
252,37103.813,7546.944,5490.507,2421.367,5099.878,6580.330,1187.724,1468.677
253,45717.580,8660.515,5334.134,2958.641,5839.071,7026.002,1437.380,1551.659
254,56889.343,8614.888,5268.184,3711.881,7250.507,7285.266,1765.876,1548.771
255,60550.852,8820.947,5496.324,3910.022,7699.786,7193.295,1814.680,1579.444
256,48926.392,8694.496,5342.790,3205.355,6467.877,6931.940,1544.283,1448.470
257,53428.745,7702.394,5142.316,3648.520,6817.803,6480.668,1755.213,1439.655
258,49200.446,9107.549,4926.452,3532.418,5984.810,6799.392,1639.480,1449.398
259,45185.624,11323.341,5593.720,3058.182,6029.478,7929.909,1527.595,1639.793
260,48045.123,12853.167,6366.340,3203.391,6231.706,9277.940,1518.439,1964.009
261,35190.525,12134.427,6397.652,2586.792,4634.286,10053.738,1144.789,1885.143
262,37083.486,11248.224,6048.378,2691.300,4908.653,9040.153,1087.188,1801.073
263,39906.589,10664.969,5844.910,2823.973,4529.239,8387.770,1146.308,1734.377
264,52417.888,10803.716,5802.409,3602.777,6204.240,8569.843,1608.928,1802.222
265,41635.558,9691.425,5473.342,2862.477,4861.389,7729.207,1275.246,1618.425
266,53882.070,9518.693,5086.836,3523.172,6609.004,7132.772,1535.927,1528.313
267,47833.548,10739.038,5422.502,2882.216,5755.603,7600.018,1338.464,1635.441
268,50646.217,11926.935,6198.574,3059.819,5719.524,8422.741,1544.974,1852.716
269,52154.691,12939.670,7057.465,3435.440,5945.581,8727.134,1641.290,2166.469
270,39033.003,11024.693,6498.163,2649.930,4732.203,8140.205,1198.900,1943.870
271,45248.460,10526.744,6287.410,3087.533,5776.762,8393.920,1457.892,1797.665
272,53134.585,11065.363,6006.506,3525.093,5807.126,9200.318,1624.416,1754.447
273,50461.468,11556.775,5862.282,3245.388,5489.939,8757.259,1623.214,1687.597
274,65926.901,11659.902,5872.863,4274.503,7222.939,8571.986,1989.335,1760.683
275,68987.798,11190.404,6204.169,4431.920,7377.001,8317.507,1987.691,1823.055
276,57956.910,11130.584,6933.866,3592.852,5817.949,8504.155,1701.904,1849.230
277,62490.787,10690.526,6518.388,3948.370,6070.065,7704.761,1862.937,1779.677
278,50984.852,7951.734,5189.542,3158.350,5053.814,5785.350,1432.788,1330.149
279,54754.363,8041.501,5326.571,3610.548,5661.336,6081.873,1520.536,1323.284
280,52851.610,9170.948,5953.771,3450.629,5557.332,6682.202,1538.485,1613.673
281,58293.516,9347.794,6357.757,3699.917,6328.139,6743.781,1695.198,1638.039
282,50301.895,9038.284,5954.288,3190.198,5697.637,7427.339,1438.254,1625.801
283,39017.674,8167.787,5304.463,2678.941,4491.504,7136.008,1082.533,1485.955
284,43853.887,8778.563,5303.092,2905.803,4277.126,7337.586,1217.113,1469.731
285,52559.548,10999.770,6103.829,3457.526,4799.195,8160.840,1347.427,1759.339
286,60714.422,13393.362,6894.680,4094.671,5497.338,9004.920,1602.398,2073.460
287,57091.219,14704.636,7362.446,3899.855,5456.465,9077.372,1516.023,2178.970
288,45906.066,13831.009,7359.246,2955.445,4319.979,8495.263,1127.131,2062.633
289,43594.460,14068.831,7290.327,2672.443,3762.300,7960.618,1046.017,2037.104
290,53060.034,14075.537,7139.730,3399.654,4977.186,7323.725,1320.816,1970.966
291,38244.457,12267.451,6605.900,2458.229,3911.392,6925.026,1020.085,1874.278
292,36513.335,11419.713,5986.301,2362.743,3476.846,6876.467,879.976,1666.844
293,56160.530,12053.625,6355.162,3825.758,5081.933,7452.217,1393.980,1727.517
294,45871.123,12754.797,6915.128,3149.986,4152.698,7738.600,1199.022,1853.314
295,53158.977,13967.887,7380.682,3314.193,4491.279,8202.351,1321.442,1967.139
296,58702.757,13515.654,7476.905,3876.128,5761.845,8130.550,1573.371,1929.187
297,52873.406,12026.403,6553.485,3323.473,4768.414,7900.993,1317.000,1834.110
298,52670.507,10907.004,6003.512,3332.327,4174.297,6753.650,1430.201,1640.923
299,47136.080,10910.158,6294.538,3103.023,4003.510,5690.546,1311.142,1552.765
300,46026.746,10573.348,6530.478,2930.265,3686.945,5060.676,1355.313,1600.907
301,54202.079,9801.411,6051.771,3616.550,4305.132,4477.976,1826.063,1565.163
302,48587.125,9608.761,6031.239,3448.329,3665.021,4766.387,1526.326,1585.526
303,31219.250,8669.196,5887.508,2179.763,2252.158,4649.119,805.676,1457.368
304,44816.907,9397.116,5852.397,2942.439,3377.292,5253.166,1172.371,1543.360
305,40971.846,9679.774,5790.645,2859.298,3341.057,5568.723,1049.788,1440.291
306,44979.481,8881.039,5796.025,3216.398,3343.567,4931.789,1220.879,1436.037
307,65256.030,9749.007,6415.502,4326.572,4362.169,4886.479,1595.667,1485.027
308,73051.185,11122.691,6425.533,4440.129,4553.737,4963.342,1642.568,1454.667
309,55314.300,11325.318,5960.095,3784.964,3952.924,5109.973,1361.697,1434.197
310,52213.197,11166.493,5688.444,3538.152,3831.853,5177.690,1378.611,1511.330
311,55372.347,10561.534,5858.624,3797.482,3856.786,5131.682,1416.993,1401.272
312,60133.589,10297.139,6285.634,3713.260,3903.234,5096.835,1391.051,1499.594
313,67427.087,9909.016,6090.178,4206.538,4594.861,5076.168,1516.052,1491.407
314,63827.676,10881.181,6267.275,4074.610,4684.558,5460.639,1477.680,1564.803
315,61090.254,10348.261,6353.550,4156.379,4236.531,5152.206,1357.697,1439.950
316,62819.980,9339.855,5713.505,4387.437,4328.865,4775.726,1392.310,1352.655
317,52846.964,8100.402,5841.570,3454.932,3796.523,4261.400,1217.549,1300.139
318,54069.897,8673.194,6068.736,3608.607,3934.550,4480.862,1235.674,1402.781
319,48332.893,8982.064,6230.170,3463.866,3453.958,4534.889,1122.261,1414.055
320,36650.077,9473.984,6229.745,2646.768,2685.123,4707.560,898.540,1429.769
321,43492.631,9614.859,6226.908,3274.426,2950.390,4940.177,1027.210,1476.215
322,56604.140,10090.227,6325.312,4297.034,3862.142,4976.691,1364.196,1500.511
323,50094.341,10088.338,5983.445,3388.647,3341.764,4417.789,1129.756,1427.545
324,45204.148,11177.029,5716.269,2748.575,2846.443,4814.371,959.583,1495.003
325,67867.960,12982.004,6475.203,4037.670,4193.986,5721.294,1480.538,1693.600
326,67125.194,13792.441,7039.790,4118.063,4043.254,5913.777,1441.618,1822.733
327,60181.043,13571.127,6862.203,4007.843,4115.754,6078.532,1409.373,1813.478
328,36979.621,13607.911,7441.471,2664.174,2669.924,6603.698,921.104,1946.863
329,26329.481,14126.487,7568.964,1841.755,2049.045,6658.633,775.535,1959.904
330,28085.042,14183.592,7757.070,2389.641,2203.783,6568.151,795.157,1964.773
331,26066.595,12350.397,7076.944,2047.483,1940.030,5697.238,724.817,1714.687
332,41134.107,11386.957,6533.947,2921.660,3081.837,5450.753,1098.494,1612.048
333,41272.986,11267.872,6027.343,2770.263,2777.009,5344.497,993.054,1506.918
334,48265.824,11223.546,5705.249,3137.001,2968.287,5028.912,1143.327,1385.123
335,52073.661,11784.574,6455.088,3356.928,2977.091,5079.726,1333.820,1528.104
336,54008.133,11855.410,6582.536,3164.889,2808.767,5044.844,1253.904,1628.255
337,45757.861,12441.418,6564.063,2999.536,2509.368,4925.347,1093.935,1686.048
338,44040.177,13119.170,6461.246,2855.953,2764.346,5033.701,1075.122,1774.064
339,60212.551,11276.781,6001.829,3783.939,3551.173,4836.902,1399.403,1492.301
340,51819.237,10696.635,5676.180,3431.086,3102.253,4295.749,1255.474,1355.608
341,50278.808,10490.595,5689.147,3300.498,3081.952,3977.688,1175.046,1257.364
342,52109.973,10914.931,5727.893,3585.849,3118.819,4159.426,1261.120,1306.839
343,49934.169,11171.756,5838.711,3157.290,2972.641,4503.285,1115.564,1370.564
344,54710.916,11752.006,5969.233,3663.118,3164.887,4822.246,1150.392,1410.094
345,53302.632,11865.783,6354.058,3597.505,2924.479,5310.722,1176.534,1491.495
346,47089.524,12446.857,6422.999,2941.628,2587.766,5118.171,1023.668,1525.212
347,52379.131,12480.018,6465.162,3459.716,2758.362,4771.339,1116.078,1504.424
348,51895.717,12289.168,6723.028,3578.881,2703.476,4587.592,1199.007,1563.077
349,55407.785,9941.897,6056.233,3772.119,2825.459,3516.516,1233.615,1312.572
350,61612.401,7963.253,5436.017,3986.149,3282.543,3049.191,1358.348,1121.946
351,58621.642,6952.160,5590.757,3659.612,3078.029,3070.397,1366.099,1155.287
352,53150.760,8072.596,5917.516,3524.041,3019.260,3688.172,1246.345,1270.072
353,46760.817,8709.146,5999.269,3067.352,2703.389,3647.500,1195.079,1309.564
354,42504.113,9369.632,6146.972,3096.044,2544.027,3687.719,1146.620,1356.227
355,40973.971,12208.848,6901.168,2877.727,2315.366,4330.457,985.194,1638.895
356,46553.383,13554.441,7718.873,3084.804,2444.382,4842.349,1041.213,1785.999
357,48122.143,14185.551,8484.560,2697.083,2280.808,5533.045,995.370,1975.954
358,51902.263,14456.401,8275.914,2906.302,2690.760,6467.573,1062.767,1935.351
359,57810.390,13106.812,7593.858,3584.648,2924.131,5942.060,1159.911,1826.577
360,61167.893,12639.388,7139.396,3963.347,3104.106,5505.732,1221.434,1695.173
361,41043.043,11463.873,6754.888,2901.696,2208.689,4676.232,924.244,1567.422
362,63932.528,10611.103,6357.608,4363.802,3394.396,4721.450,1428.668,1480.000
363,55783.815,11035.526,6825.788,3376.482,2976.565,4689.568,1187.230,1540.280
364,59127.311,12007.310,7517.781,3481.604,3050.818,4469.045,1270.535,1658.444
365,54876.797,12724.126,7611.365,3222.405,2605.300,4621.581,1104.093,1765.236
366,50033.425,12719.301,7143.349,2719.855,2234.261,4833.183,911.626,1753.453
367,50279.863,12455.319,7146.395,2933.456,2592.404,4817.953,880.531,1799.390
368,33154.358,12558.285,7270.933,1968.545,2055.458,5257.576,641.710,1776.630
369,51005.987,13203.465,7165.531,3127.699,2700.079,5538.407,1021.639,1697.952
370,50564.151,12824.483,6806.299,2824.388,2124.797,4570.454,949.555,1663.423
371,49246.084,12224.026,6674.935,2920.944,2221.388,4341.424,921.446,1592.762
372,58286.462,11563.297,6621.948,3590.783,2854.732,4499.286,1106.863,1573.993
373,56417.250,11021.215,6999.088,3482.149,2988.573,4470.910,1037.527,1631.157
374,55906.235,10244.009,7178.658,3410.962,2756.230,4116.266,1054.518,1591.274
375,48717.940,9995.589,6664.361,3078.522,2367.745,3910.752,1020.831,1537.468
376,50557.283,10570.389,6173.581,3064.515,2440.380,3913.815,1077.129,1496.881
377,54786.478,11030.035,6094.892,3545.714,2776.727,4170.925,1161.582,1486.827
378,52696.322,11272.389,6036.592,3625.532,2715.340,4599.189,1172.758,1410.089
379,43453.373,10720.800,5562.168,2939.897,2244.728,3967.425,920.426,1376.265
380,45723.806,9786.225,5556.445,3102.002,2324.503,3802.650,975.910,1379.362
381,59085.075,9341.932,5955.322,3761.929,3084.433,4021.597,1298.415,1337.198
382,56831.749,8936.820,6068.683,3331.055,2906.319,3501.594,1178.682,1277.042
383,62207.916,9695.242,6160.106,3758.131,3416.050,3144.359,1301.508,1324.849
384,62949.663,9050.804,5743.543,3660.014,3687.976,3114.565,1348.648,1258.149
385,53409.768,9072.913,5742.689,3058.904,3196.430,3196.006,1123.801,1305.880
386,56734.800,8347.109,5833.425,3184.528,2615.887,3198.234,1198.871,1301.191
387,69668.965,8945.820,6160.976,3816.494,3230.901,3399.739,1427.327,1304.483
388,60668.074,10207.560,6008.018,3627.280,2898.444,3823.074,1244.922,1321.148
389,41726.606,11109.311,5897.308,2825.404,1957.437,4048.394,859.983,1293.944
390,46169.117,9464.160,5529.012,3031.065,2290.577,3619.555,1009.629,1185.502
391,60674.871,9114.525,5445.308,3547.231,2985.252,3284.442,1268.514,1093.223
392,64154.536,9650.209,5797.970,3917.262,3015.112,3236.296,1284.029,1171.679
393,59525.202,9953.514,6088.609,3624.827,2685.102,3085.503,1126.904,1256.339
394,62207.598,9913.591,6153.537,3947.847,3029.621,3074.757,1443.961,1263.855
395,60364.558,9948.136,6233.199,3827.648,2781.762,3212.450,1397.963,1257.535
396,65323.904,10041.771,6227.158,3908.419,2755.728,3254.816,1386.534,1345.957
397,54793.639,9628.867,6027.712,3084.690,2324.837,3372.855,1068.203,1310.569
398,63402.551,8565.033,6055.273,3487.613,2398.438,3215.125,1179.499,1245.696
399,59155.005,8799.824,6346.679,3265.109,2384.230,3008.623,1137.287,1332.187
400,50202.144,8145.913,6439.743,3243.910,2404.438,2862.183,1045.504,1295.693
401,47195.154,8216.936,6491.964,2999.056,2122.666,2740.229,1032.234,1249.494
402,52685.982,8831.305,6493.169,3259.483,2435.231,2964.687,1054.654,1311.038
403,50139.552,10945.859,7016.858,3123.227,2327.204,3653.248,1117.779,1405.538
404,45660.208,12190.332,7183.300,2996.949,2192.610,4107.462,954.142,1595.202
405,40565.602,13162.425,7594.141,2661.097,2324.833,4449.388,856.693,1694.031
406,48174.952,13464.095,8022.955,2955.891,2286.091,4370.113,950.007,1704.834
407,53370.281,14175.869,7733.524,3163.331,2306.186,4259.146,1108.862,1707.031
408,48090.482,12157.275,6634.531,2928.076,2149.753,4032.519,936.897,1493.981
409,47024.320,11165.750,6049.541,2800.969,1918.256,3827.891,929.915,1302.303
410,51114.350,9674.075,5818.780,2933.614,2043.298,3341.001,1004.273,1204.653
411,57592.501,9821.091,5853.734,3297.944,2415.568,3170.644,1196.003,1139.668
412,53698.899,12155.687,6647.170,2932.952,2277.002,3593.793,1092.072,1336.339
413,58148.263,11501.730,6871.642,3237.918,2502.682,3399.167,1240.117,1368.478
414,57324.857,10277.160,6556.183,3306.399,2330.266,3317.914,1277.669,1359.225
415,47352.598,9988.488,6243.826,2859.322,1879.853,3548.422,918.457,1301.893
416,48250.808,11009.654,6238.307,2817.429,1918.822,3716.647,847.634,1367.593
417,29568.929,12201.507,6572.209,2099.355,1314.288,3854.691,526.826,1470.678
418,25184.138,13416.242,7191.087,1411.110,1002.986,3916.046,443.720,1675.721
419,56828.912,13221.518,7179.463,2839.358,2028.548,3720.808,1038.825,1600.425
420,56955.340,10789.772,6806.691,3101.580,2110.545,3193.528,1129.617,1403.376
421,51710.814,10153.687,6364.007,2875.580,1939.227,2963.169,1004.426,1279.556
422,42707.275,10262.999,6501.753,2786.941,1713.294,2751.049,925.608,1247.542
423,43619.775,11159.660,6802.097,2870.799,1606.604,3016.988,896.559,1408.725
424,44044.115,12272.870,7017.684,2822.373,1597.519,3335.833,813.472,1427.370
425,26572.195,12711.025,7386.575,1746.744,1124.400,3462.765,507.407,1524.397
426,24696.520,11929.304,7035.968,1872.421,947.105,3476.566,592.291,1518.661
427,41237.938,10466.201,6791.307,2947.613,1733.829,3192.367,1040.954,1418.282
428,37894.021,10980.470,6394.023,2529.052,1684.768,2992.371,905.352,1408.168
429,31947.224,11446.895,6766.880,2206.239,1487.810,3173.203,688.887,1380.936
430,37934.904,12948.952,7393.990,2483.604,1899.776,3356.371,828.890,1523.938
431,48984.381,13425.150,7918.338,3153.162,2432.758,3735.886,1149.533,1715.014
432,48560.910,12964.607,7748.832,3512.082,2178.432,3503.105,1163.196,1668.697
433,43607.896,12915.691,7557.428,2786.273,1718.711,3438.662,911.945,1632.737
434,55411.383,13882.823,7897.862,3485.197,2222.757,3425.325,1089.260,1660.383
435,49390.645,13477.476,7696.949,3141.846,2037.569,3535.546,1055.121,1656.985
436,50946.080,11906.862,7362.912,3256.043,2190.085,3375.245,1136.172,1527.060
437,56371.045,12979.808,7633.466,3344.013,2299.302,3401.498,1249.252,1524.659
438,43945.668,12033.790,7187.666,2767.563,1901.348,3100.592,913.302,1502.513
439,43047.877,12323.983,7145.744,2745.292,1836.528,3184.392,938.015,1521.943
440,49558.131,11423.187,7314.326,2774.206,1974.304,3149.346,1019.156,1498.329
441,48619.608,11299.063,7267.186,2891.893,2006.187,3505.209,1036.195,1527.911
442,59111.617,12568.846,7789.658,3551.654,2465.359,3668.044,1212.675,1573.250
443,55569.722,13294.510,8158.042,3368.177,2298.949,3682.137,1189.722,1636.099
444,37966.261,12856.822,7656.116,2584.588,1604.509,3692.569,874.817,1675.285
445,40693.388,12388.793,7322.452,2477.377,1571.812,3517.709,751.790,1610.588
446,40211.609,14259.909,7805.495,2292.540,1491.058,4090.132,684.845,1786.664
447,60381.619,15678.951,8210.631,3378.017,2487.152,4384.541,1130.249,1859.265
448,59046.658,13241.324,7624.641,3362.767,2625.056,4197.575,1161.846,1759.748
449,50823.792,12715.708,6620.160,2827.608,2127.752,3770.797,1113.094,1570.405
450,51169.375,11909.387,6804.993,3172.233,2014.263,3430.877,1110.911,1573.045
451,36565.661,11037.193,7297.074,2810.803,1772.012,3313.441,924.960,1556.364
452,46968.878,11396.161,7019.179,3212.746,2108.462,3017.227,1081.208,1539.053
453,48921.447,12463.438,7556.640,3226.271,2093.305,3228.853,1093.596,1626.203
454,51437.695,12979.797,7343.409,3040.688,2130.521,3484.593,996.350,1663.325
455,49414.038,12736.030,7675.802,3047.181,2266.470,3829.094,987.157,1728.331
456,42597.513,12059.507,7029.640,3003.516,1982.622,3525.322,943.364,1616.984
457,36805.741,12270.038,6687.728,2795.328,1590.470,3145.788,849.148,1438.293
458,36824.201,11437.387,6535.283,2179.498,1377.815,2992.439,684.642,1363.309
459,49520.428,11669.290,6889.841,2787.268,1942.344,3050.580,893.888,1403.216
460,51199.521,12638.211,7123.931,2943.701,2024.000,3210.827,1013.874,1380.601
461,58263.105,13421.356,7291.982,3390.724,2315.379,3195.080,1166.536,1477.271
462,57176.769,13715.218,7219.103,3327.546,2246.546,3116.375,1050.884,1481.901
463,52937.602,13824.983,8022.815,3141.570,2143.221,3466.521,1083.951,1565.958
464,57384.607,14027.206,8335.142,3362.113,2232.614,3951.641,1132.465,1759.657
465,45724.153,13123.499,7856.004,2572.264,1863.424,3761.418,934.840,1622.400
466,47751.583,12847.234,7489.422,2940.384,2002.926,3475.687,921.151,1548.204
467,31565.113,14300.077,7852.642,1957.500,1260.841,3623.869,644.244,1695.780
468,42851.620,13879.793,7898.943,2533.811,1855.511,3646.398,775.658,1667.517
469,29774.252,12328.231,7636.081,1875.792,1248.760,3564.832,608.556,1630.164
470,26788.514,12361.473,7966.400,2322.816,1169.208,3629.376,662.191,1639.961
471,39181.729,12336.634,7177.610,2590.458,1909.716,3536.588,831.108,1578.574
472,38955.634,12676.522,7181.823,2323.983,1852.358,3299.993,786.180,1507.916
473,47493.635,13563.141,7425.693,3047.555,2228.916,3179.068,958.932,1451.714
474,54034.761,12595.027,6971.712,3155.559,2368.483,3243.496,924.085,1355.926
475,72285.291,12696.379,7379.287,4040.362,2840.802,3550.944,1222.062,1487.589
476,54302.275,12713.140,7456.148,3540.005,2125.618,3715.722,1129.225,1599.045
477,39342.363,13318.525,7324.021,2732.847,1694.599,3734.731,949.193,1650.779
478,25631.206,13281.149,7771.492,1835.277,1193.678,3436.817,689.647,1688.797
479,26083.451,13717.294,8353.664,2018.550,1311.136,3610.419,606.544,1743.776
480,37948.024,13778.195,8244.999,2490.318,1752.000,3841.010,894.949,1723.245
481,44130.566,14525.531,7885.771,2634.713,1916.675,3831.460,895.731,1658.200
482,35916.440,15381.149,8324.874,2064.541,1471.366,3829.428,685.256,1698.926
483,39864.975,15756.060,7497.852,2305.677,1683.398,3734.574,782.563,1730.530
484,43243.747,14817.714,7566.279,2541.979,1878.140,3645.529,839.205,1680.490
485,57782.068,13761.055,7587.053,3912.512,2686.440,3610.054,1190.989,1643.487
486,56741.777,14476.351,8087.731,3652.489,2526.325,3668.629,1192.587,1654.576
487,49647.257,16246.522,8125.491,2996.053,2144.765,3992.341,1045.331,1723.753
488,49604.480,14978.377,7623.463,2815.483,2096.504,3546.073,1043.140,1507.778
489,30556.786,12642.582,7201.271,1878.300,1249.732,3256.731,683.057,1442.514
490,31221.394,12858.239,7368.556,2206.395,1352.736,3438.384,685.819,1514.275
491,35960.206,13121.255,7609.383,2167.884,1430.871,3342.312,845.908,1580.278
492,31924.395,13327.607,8017.155,2014.271,1326.930,3561.791,772.887,1563.756
493,39538.125,12129.904,7678.685,2552.837,1762.988,3417.736,797.182,1560.330
494,43638.088,12725.374,7252.462,2967.515,1964.751,3377.570,905.594,1612.141
495,48760.064,11905.337,6771.600,3433.704,2416.194,3221.298,1165.004,1414.640
496,37474.824,10769.783,6569.066,2454.060,1732.329,3044.485,810.461,1318.035
497,45157.130,10606.762,6342.258,3344.632,2065.810,2983.498,1048.340,1264.964
498,30954.492,10702.124,6001.348,2425.292,1725.394,2798.512,791.575,1247.362
499,22407.916,9825.243,6086.207,1762.021,1262.152,2869.981,446.663,1249.500
500,16312.489,9971.730,5827.797,1572.581,896.186,2918.647,370.481,1285.781
501,12512.254,11470.723,6228.444,1280.574,674.395,3291.459,343.585,1352.401
502,26146.364,11472.131,6513.659,2350.121,1275.567,3458.081,894.731,1451.442
503,42703.166,11142.069,6687.620,3732.805,2422.463,3347.907,1171.058,1439.944
504,24907.261,11107.869,6570.612,2127.741,1385.009,3309.750,752.417,1408.998
505,26236.244,10356.401,6581.570,2239.704,1569.790,3187.320,741.478,1417.893
506,28060.947,9705.275,6541.183,2082.581,1441.153,2948.825,695.121,1314.643
507,37718.706,9757.898,6174.542,2323.903,1661.678,2948.152,870.261,1302.386
508,41353.465,10033.134,6180.348,2830.322,1846.825,2859.748,1050.172,1264.870
509,33235.197,9840.042,6183.230,2487.492,1632.082,2825.336,838.623,1242.714
510,21657.223,10149.436,6278.856,1904.766,1163.135,3009.110,618.270,1366.331
511,21502.871,12292.464,6773.299,2420.986,1171.903,3359.423,595.269,1489.598
512,33191.298,13655.655,7126.010,2691.645,1845.862,3502.687,928.091,1602.493
513,53654.975,16119.750,7985.278,3538.597,2623.224,3818.160,1234.400,1782.910
514,52955.379,15986.052,8365.540,3311.672,2151.599,4160.916,1036.663,1786.094
515,51280.390,16003.557,8838.455,3149.513,2040.538,4180.110,910.760,1808.978
516,54332.668,15543.326,9017.779,3224.349,2164.528,4109.493,934.919,1797.554
517,47871.373,14656.163,9143.758,3294.804,2060.945,3777.006,997.447,1765.475
518,48580.766,14984.125,9586.109,3257.956,1987.713,3926.846,971.325,1855.651
519,56031.727,15352.820,9476.675,3687.339,2324.641,3803.238,1124.896,1801.349
520,41011.917,14279.068,8720.550,2979.204,1784.739,3472.606,839.137,1599.449
521,39048.398,13561.571,8258.507,2828.602,1774.031,3507.159,766.526,1601.318
522,57898.808,13610.242,8526.644,3992.964,2478.581,3577.052,1122.320,1686.929
523,55804.322,12911.658,7743.445,3655.374,2337.356,3427.585,1133.778,1546.433
524,63246.580,11637.190,7200.789,4143.424,2569.552,3263.339,1218.310,1489.268
525,50866.170,12583.401,7548.679,3334.293,2120.297,3325.700,1005.691,1480.768
526,55805.571,13992.686,7966.893,3311.091,2330.638,3742.603,1117.892,1560.739
527,58881.424,14682.754,9141.362,3501.066,2628.906,4099.150,1157.981,1754.595
528,56432.943,15319.423,9747.774,3165.996,2186.234,4227.885,1088.618,1854.519
529,38095.159,15599.489,9195.147,1905.705,1437.500,4406.309,686.358,1916.550
530,36729.983,14480.967,8729.760,2779.963,1653.263,4210.294,866.319,1873.545
531,38966.126,14456.534,8242.811,2955.587,1798.592,3910.825,993.192,1731.084
532,45472.868,14206.379,7860.637,2899.923,1960.480,3765.642,910.665,1698.595
533,51310.020,13245.434,7240.408,3345.402,2129.139,3766.488,1089.663,1585.756
534,58370.835,13222.394,6915.442,3851.900,2345.959,3795.640,1155.301,1501.978
535,64491.455,13018.359,7267.331,3637.756,2545.367,3794.401,1082.054,1631.067
536,40469.400,13978.150,7537.381,2138.348,1607.467,4120.474,723.293,1741.818
537,2518.365,14412.371,7891.356,280.718,140.413,4082.558,90.125,1714.011
538,9748.761,14090.364,8228.315,682.555,460.311,3906.410,177.024,1743.393
539,34261.863,13832.492,8667.925,2034.530,1567.910,3992.786,592.591,1748.705
540,41937.984,13481.040,8268.216,2587.423,1799.272,3865.606,782.813,1595.888
541,50869.792,13980.184,8514.802,2945.424,2144.528,4223.474,908.056,1538.265
542,59299.673,14106.005,8971.651,3790.113,2487.436,4304.138,1065.535,1572.339
543,57137.131,13446.878,8054.174,3723.283,2046.357,3719.284,1043.586,1490.369
544,43817.669,12742.058,7166.941,2939.952,1870.197,3442.329,947.721,1455.313
545,41778.391,13391.820,7328.380,2929.005,2147.548,3404.045,908.996,1593.112
546,38627.739,14463.070,8101.440,3098.891,2020.099,3707.755,885.336,1704.910
547,44340.461,15085.743,8482.050,3303.071,2161.366,3762.753,831.287,1849.128
548,44673.199,14982.151,8992.673,3163.033,2060.793,3844.525,843.151,1904.980
549,48930.677,15498.099,9315.313,3097.844,2205.028,4139.883,990.386,1953.149
550,61902.879,16146.285,9449.496,3826.690,2365.764,4617.700,1104.913,1909.218
551,49779.873,16827.108,9488.970,3386.070,1931.758,4425.673,1057.466,2013.447
552,39346.853,16703.031,9596.684,3014.039,1578.141,4511.011,941.448,2136.718
553,43842.969,16068.749,9160.262,3191.367,1905.398,4322.780,995.441,2066.363
554,59500.000,14702.168,8798.829,3856.489,2569.411,4126.988,1189.938,1954.967
555,58006.810,14084.857,8288.971,3745.630,2611.063,3822.318,1133.906,1733.575
556,54724.600,14257.211,7883.299,3823.587,2548.092,3675.379,1124.851,1646.077
557,53670.758,14621.293,8421.805,3622.088,2350.078,3891.217,1156.689,1754.786
558,48983.477,15776.941,9323.319,3169.953,2141.838,4303.895,1075.392,1732.776
559,34618.277,17014.126,10013.686,2195.092,1661.271,4340.550,698.214,1839.861
560,33510.096,15675.405,9043.911,2452.494,1553.739,3995.990,686.312,1777.860
561,34363.930,14185.484,7701.138,3261.576,1494.340,3592.063,756.964,1659.627
562,36954.295,13761.647,7783.988,2599.631,1506.527,3745.532,812.954,1633.916
563,39828.528,13886.438,7899.157,2673.330,1758.505,3929.029,828.232,1714.995
564,36740.731,13562.330,8178.660,2736.956,1800.199,3809.258,835.794,1652.494
565,25681.893,14123.831,8314.639,2180.952,1128.665,3679.125,694.293,1807.675
566,27768.386,13541.625,7801.501,1854.282,1297.137,3598.869,635.328,1803.011
567,25303.127,13243.017,8042.855,2035.207,1239.697,3592.422,679.323,1757.738
568,30820.091,14216.497,8509.804,2472.882,1493.677,3883.351,806.522,1759.224
569,43997.924,13841.862,8802.618,3016.281,1993.280,3873.786,931.620,1759.653
570,52393.009,14453.907,8798.501,3041.041,2054.763,3713.319,1146.229,1661.975
571,46928.894,13381.948,8515.641,2813.329,1870.466,3888.979,1056.168,1695.445
572,41709.292,12300.338,8236.611,2892.655,1951.194,4004.862,1067.011,1743.117
573,47243.756,13080.735,8349.696,3558.688,2473.509,3906.674,1300.360,1874.374
574,49579.328,13163.451,8661.085,3298.549,2434.861,3769.084,1167.227,1810.270
575,43564.740,13819.657,8508.881,2837.249,1868.401,3672.317,914.210,1670.812
576,31971.616,13545.726,8140.915,2023.463,1251.301,3553.013,656.101,1631.193
577,56340.505,13846.718,8035.657,3617.990,2271.305,3783.008,940.976,1563.820
578,60723.434,12946.245,7564.088,3627.979,2448.576,3730.363,1017.025,1672.425
579,63999.972,12450.239,7277.906,4064.732,2553.158,3427.485,1240.178,1584.206
580,47983.642,11691.962,7280.991,2882.382,1720.035,3374.468,900.733,1529.728
581,54419.670,12320.208,7787.657,3324.996,1974.246,3404.124,962.444,1611.703
582,31458.092,12837.868,7535.445,1821.769,1109.634,3660.214,471.449,1678.402
583,52598.934,13845.746,7941.847,3085.601,2004.551,3810.939,1063.967,1729.510
584,49560.922,14058.056,7931.463,2877.367,2052.327,3411.021,1049.854,1599.529
585,58342.205,13358.576,7782.256,3397.595,2286.539,3150.778,1301.378,1516.011
586,49515.514,12947.393,8055.984,2922.351,1939.515,3078.588,1004.673,1505.049
587,59093.098,14499.722,8407.025,3673.171,2355.919,3240.443,1127.935,1503.716
588,63984.833,14185.949,8834.483,3740.142,2571.643,3532.397,958.773,1583.236
589,67338.955,14369.164,9117.069,3730.103,2548.410,3779.935,970.869,1666.077
590,68414.789,13717.987,8731.599,3753.422,2622.045,3494.378,1016.225,1729.754
591,32329.060,12813.899,8795.648,2071.084,1493.912,3287.904,602.283,1660.563
592,33071.171,12323.303,8855.926,2462.643,1637.577,3247.418,592.472,1590.779
593,37111.501,13010.618,9184.319,2791.151,1552.653,3417.442,518.406,1628.307
594,57043.913,12522.851,9121.584,3920.314,2239.331,3752.429,748.091,1645.975
595,59275.134,11391.156,8973.420,3558.781,2357.015,4174.845,812.485,1596.199
596,48480.109,11351.927,8239.492,3164.038,2205.857,3633.791,840.049,1544.372
597,44991.988,12919.590,8413.019,2891.983,2281.763,3289.968,936.390,1513.501
598,47673.056,13493.676,8631.216,2803.122,2029.607,3256.993,887.309,1491.104
599,58597.596,13345.689,8144.593,3573.743,2449.160,3462.880,944.244,1466.153
600,63824.980,12611.562,7597.374,3865.938,2561.548,3228.948,1061.496,1441.244
601,60318.549,13096.911,7727.276,3791.404,2429.553,2948.762,1019.925,1404.931
602,41782.521,12831.487,8045.720,2755.163,1629.660,2909.260,742.318,1483.836
603,37208.959,13750.485,8155.376,2160.200,1427.212,3187.274,775.914,1632.648
604,50899.686,13436.003,8434.908,2597.833,1669.914,3165.380,945.915,1573.994
605,27558.486,13488.781,8650.995,2036.658,1029.926,3350.420,593.854,1546.658
606,35376.595,14707.480,8631.449,3089.975,1369.116,3553.341,573.829,1652.795
607,43447.734,15499.632,8852.969,3634.692,1734.070,3719.952,645.070,1765.027
608,65261.061,15778.382,8777.571,4458.782,2424.986,3757.474,877.071,1772.118
609,59778.763,15343.485,8690.627,3998.726,2155.054,3761.351,898.033,1734.169
610,37693.205,15754.676,8835.794,2744.492,1326.696,3639.450,701.526,1718.935
611,38470.639,14981.241,8365.603,2563.649,1426.543,3408.650,795.128,1620.433
612,44269.722,13749.554,8129.965,3236.082,1866.870,3172.486,977.052,1667.150
613,23482.258,13267.209,7966.546,1882.590,1052.551,3042.374,565.919,1578.332
614,29020.579,13992.502,8076.336,2274.284,1273.486,2869.478,619.192,1539.480
615,46140.994,14896.472,8667.115,3395.128,1545.216,3170.519,841.530,1634.656
616,53751.527,16183.014,9405.984,4051.429,1744.002,3575.932,916.228,1778.013
617,40597.771,15970.916,9287.292,3169.170,1244.717,3586.081,632.983,1773.541
618,42478.544,15215.649,8801.065,3044.843,1498.602,3403.573,904.159,1729.429
619,48048.102,14551.817,8409.073,3319.289,2083.887,3331.823,987.043,1659.273
620,45996.318,15751.400,8685.661,2788.054,1785.728,3388.290,978.578,1674.628
621,52594.128,14833.333,8431.165,3686.111,1911.583,3326.958,1185.396,1671.314
622,41473.729,13843.111,8486.466,3105.946,1515.043,3443.458,897.857,1670.699
623,43090.958,15468.730,9019.085,3126.871,1597.303,3536.627,929.831,1793.167
624,38460.666,16664.490,9753.499,3208.677,1317.134,3801.153,902.165,1889.102
625,39774.804,17703.043,11111.534,2788.497,1452.541,4114.202,908.051,2011.341
626,35540.226,18036.787,11199.940,2673.368,1710.330,3932.707,960.609,2047.789
627,23836.583,16722.504,10572.709,1956.833,1213.369,3767.683,610.646,2022.284
628,46250.742,16864.528,9659.203,3648.405,2048.379,3551.342,982.301,1958.115
629,57304.794,15452.970,9758.851,3770.690,2188.850,3696.881,890.350,1781.178
630,49684.857,15469.836,9851.236,3282.502,1718.214,3628.618,597.234,1886.107
631,56185.324,17272.586,9888.320,3798.785,2056.858,3498.707,909.440,1819.582
632,47672.166,15930.966,10079.284,3071.596,1602.958,3362.787,835.027,1789.690
633,58395.309,15622.110,9733.181,3652.080,1936.585,3532.789,1024.480,1880.283
634,60076.411,16348.703,9610.338,4168.564,2325.003,3572.709,1054.966,1874.006
635,40632.709,16856.737,9457.443,2775.574,1521.628,3396.748,749.848,1817.489
636,46847.925,15660.361,8812.903,2925.885,1691.823,3093.672,1047.613,1703.156
637,52885.365,16294.522,9212.739,3042.905,1828.646,3260.996,1103.036,1866.945
638,40915.893,17159.488,9707.724,2551.052,1325.957,3453.912,831.784,1899.996
639,44274.128,17099.860,9717.075,3331.808,1527.321,3546.553,1082.444,1869.013
640,20267.321,17561.934,9278.192,1512.270,782.333,3449.758,524.236,1800.055
641,27855.892,16022.585,8241.493,2060.224,1043.137,3331.397,597.858,1684.183
642,33682.682,15934.086,8897.281,2212.504,1157.865,3324.135,605.379,1761.977
643,45146.323,15650.879,9119.100,2983.711,1613.703,3471.060,820.323,1775.312
644,45269.829,15617.956,9235.246,2908.380,1705.914,3465.721,905.780,1762.649
645,44084.923,16157.440,9618.415,2988.718,1701.519,3690.086,853.432,1820.036
646,44485.846,16324.254,9617.394,2917.996,1684.408,3840.760,928.305,1969.444
647,43814.745,16524.436,9627.556,3050.012,1976.928,3680.668,958.342,2007.226
648,28800.087,17456.424,9530.102,2025.736,1427.005,3669.553,684.710,1982.470
649,23690.407,18011.096,9948.107,1746.461,1251.797,3683.115,603.806,2152.242
650,34286.062,18780.264,9860.113,2092.169,1246.019,3727.544,915.932,2202.365
651,32816.997,17543.804,9750.239,2190.325,1146.376,3747.387,929.921,2147.587
652,27134.141,17426.528,10145.215,2509.045,1050.244,3918.751,656.953,2029.601
653,34970.575,16524.180,10541.459,2581.709,1392.317,4528.672,795.106,2114.624
654,44550.191,17555.576,11079.478,2909.845,1727.537,4637.774,885.924,2333.642
655,43808.158,16372.198,10907.229,2837.224,1862.761,4452.648,1014.350,2332.693
656,45540.155,15734.134,10091.685,3351.789,2062.672,4149.181,1009.055,2296.677
657,49200.858,15505.401,10388.670,3197.348,2019.163,4190.068,1102.150,2251.962
658,47848.539,15344.212,10300.242,3158.339,2232.828,4211.371,1113.383,2126.702
659,58355.451,16921.159,10198.995,3914.911,2558.896,4159.658,1345.883,2062.696
660,46031.494,17376.442,9666.158,2970.654,1804.469,4050.693,1033.305,2046.802
661,49274.460,19491.513,10423.592,3455.622,2103.153,4369.852,1187.572,2255.540
662,48045.973,18883.418,10019.577,3904.113,2082.383,4182.668,1152.585,2185.379
663,44785.439,19100.774,9982.492,3122.100,1692.405,4259.334,1012.824,2064.661
664,52706.191,20703.787,10604.777,3518.896,1892.469,4403.569,1211.093,2235.770
665,60917.219,19658.977,10924.278,4215.027,2415.644,4551.621,1494.153,2309.705
666,41642.705,17465.991,10738.514,2804.412,1749.927,4558.754,1030.934,2266.684
667,36613.777,16993.362,10591.802,2617.575,1516.024,4557.291,846.776,2163.367
668,30996.259,16773.669,10782.752,2310.018,1352.542,4460.479,671.216,2242.769
669,33867.249,17681.849,10749.504,2154.295,1657.762,4534.838,810.718,2340.519
670,16358.054,19521.951,10588.499,1312.375,918.882,4600.577,518.310,2224.154
671,31118.142,19021.664,9926.704,2411.097,1481.743,4319.131,805.642,2167.039
672,43909.318,18127.767,9569.985,2874.335,1915.548,4078.647,966.626,2069.964
673,45900.863,17210.365,9557.512,2985.969,2033.415,4012.693,1100.687,1980.535
674,33017.303,16709.447,9674.334,2141.898,1496.803,4061.569,824.135,2055.278
675,53483.800,17830.405,10103.916,3611.268,2628.672,4427.632,1336.065,2162.415
676,47440.814,17660.138,9777.298,3326.801,2465.082,4513.230,1088.826,2246.402
677,44577.588,17824.691,9703.605,3331.023,2261.649,4559.784,997.060,2149.957
678,39982.244,17465.628,10207.460,2864.433,1822.119,4687.500,993.106,2175.939
679,35518.388,16625.084,10003.696,2644.350,1709.233,4515.148,909.248,2217.482
680,60465.045,17812.330,10274.328,4047.738,2901.343,4439.194,1502.924,2224.662
681,67706.153,19329.302,10993.173,4581.309,3343.737,4644.782,1748.628,2309.752
682,70718.256,19299.189,10652.731,4747.788,3476.273,4800.918,1798.295,2347.408
683,65485.659,19571.345,10549.414,4712.329,3043.722,4788.499,1616.499,2384.956
684,60101.133,19505.110,10086.694,4391.224,2681.589,5243.118,1321.224,2317.266
685,55089.095,18135.835,10027.864,3735.282,2645.899,5271.938,1179.728,2249.105
686,46296.876,18151.006,10203.518,3416.398,2217.944,5189.170,979.224,2200.332
687,43616.055,17931.916,10604.098,2663.900,2056.921,5359.298,878.058,2275.082
688,32020.368,19345.024,11185.381,1895.171,1669.460,5526.429,694.989,2466.658
689,10874.781,21829.148,11976.767,749.117,577.746,5840.762,293.112,2777.184
690,52090.636,22750.185,11946.802,3265.844,2514.548,5939.026,1122.694,2697.635
691,31183.601,22020.279,12114.482,2159.184,1601.629,5957.734,672.182,2748.122
692,36193.376,22080.724,12333.632,2444.893,1688.891,5882.800,888.574,2734.537
693,48624.823,20677.465,12140.228,3298.608,2287.351,5651.155,1191.616,2623.403
694,36594.715,19225.732,11613.029,2613.032,1765.171,5336.955,916.303,2508.205
695,45892.114,19107.755,11824.687,2918.259,2081.527,5377.179,1009.916,2549.495
696,43557.139,19674.401,11854.447,2686.788,1922.544,5604.148,1008.879,2660.677
697,34617.063,18708.432,11819.420,2275.579,1606.282,5480.905,727.011,2628.383
698,30420.630,18376.140,11338.545,2130.314,1373.298,5324.954,623.432,2602.207
699,33071.866,20087.458,11534.827,2130.490,1689.527,5352.356,738.637,2570.584
700,37266.436,20344.059,11173.111,2628.330,1904.456,5333.121,918.078,2550.417
701,37435.380,20340.013,11031.095,2790.088,2136.574,5398.881,980.019,2468.521
702,35101.776,20738.009,11001.450,2615.341,2088.367,5642.537,941.223,2382.832
703,36838.111,20607.863,11176.550,2593.972,1962.438,5917.257,855.919,2318.594
704,35770.305,20005.703,10960.840,2449.512,1889.326,5779.285,851.894,2286.546
705,42909.235,19491.883,10829.317,2858.812,2167.927,5458.499,1038.429,2284.908
706,34246.526,18879.200,10865.977,2228.393,1845.365,5416.851,801.314,2247.257
707,50694.132,18518.072,11259.421,3648.859,2895.353,5303.635,1257.995,2208.559
708,63155.806,19753.701,12432.570,4448.564,3473.267,5709.457,1545.823,2410.649
709,59290.475,21889.398,12612.156,4070.413,3143.172,6560.572,1299.773,2649.665
710,53113.645,21831.887,12557.488,3649.860,2810.275,6642.828,1240.418,2469.150
711,51262.824,22921.770,12281.603,3664.642,3063.333,6415.063,1329.600,2468.564
712,52597.708,24777.932,13315.962,3797.812,2833.661,6659.472,1202.788,2820.192
713,40841.539,25518.521,14727.939,3089.542,2039.029,7498.576,900.497,3145.031
714,33349.230,24387.222,14750.830,2488.588,1522.392,7915.618,678.913,3093.809
715,34544.817,24534.372,14464.408,2269.613,1836.352,7922.051,761.201,3138.271
716,47314.949,24738.708,15919.090,3303.088,2817.092,8300.682,1089.144,3222.128
717,66342.346,25645.048,16024.440,4543.636,3867.633,8603.179,1596.722,3187.138
718,59672.375,28427.691,15651.054,3864.178,3406.618,8613.444,1516.419,3142.817
719,68866.900,28458.007,14907.334,4696.090,4299.051,8860.593,1724.221,3114.405
720,65022.979,28258.069,14623.215,4473.301,4163.755,8856.888,1648.617,3025.934
721,41970.505,27297.294,14760.009,2940.778,2764.758,9017.108,1016.381,3159.381
722,36825.402,26075.453,15023.828,2332.157,2672.691,9080.330,999.629,3256.583
723,56442.751,26073.539,15376.164,3607.260,4226.127,9473.993,1449.971,3214.903
724,57605.704,26888.390,15757.553,3737.617,4242.258,10151.175,1482.130,3313.658
725,57452.853,27434.941,15403.423,3773.214,4157.553,11092.711,1432.588,3382.099
726,69756.421,26466.930,14561.350,4635.227,4401.177,10871.744,1716.292,3331.834
727,61634.442,25224.914,13965.676,4196.676,3983.542,9932.808,1494.133,3161.106
728,43315.935,24007.290,13976.334,3158.768,3062.876,9524.255,1108.261,3091.160
729,37121.773,23621.262,13851.302,2941.911,3215.595,9239.910,967.056,3027.830
730,50634.652,22585.921,13227.707,4054.480,5382.668,8984.455,1267.300,2712.662
731,54485.420,21439.335,11788.468,3611.901,4335.539,8488.771,1313.983,2558.190
732,55651.829,21023.623,11699.073,3999.379,4494.929,8487.829,1449.530,2518.803
733,48714.982,20498.312,10964.654,3601.660,3614.179,7858.991,1257.135,2417.303
734,38246.663,20147.280,11466.597,2749.884,2785.665,8329.231,962.906,2429.415
735,48222.795,19888.580,11789.839,3342.493,3089.164,8442.387,1132.357,2503.587
736,38105.921,22730.825,12525.322,2540.442,2095.705,8515.555,794.098,2559.081
737,49970.682,21896.962,12479.523,2941.115,2644.399,8263.776,977.215,2602.528
738,41813.620,20734.939,11088.355,2487.742,2129.652,7400.934,869.986,2381.162
739,42370.212,22232.428,11913.575,2551.741,2604.442,7818.610,1006.619,2491.955
740,48302.159,22088.309,12890.973,3087.094,3325.650,8569.072,1137.018,2759.040
741,42702.290,22625.678,13322.849,3118.429,3073.639,8918.754,934.621,2872.413
742,53229.126,24938.363,13802.753,3621.172,4227.939,8990.335,1324.689,2947.900
743,43285.684,25351.118,14319.335,2696.049,2937.827,9139.558,1079.237,2989.381
744,50562.542,27065.526,14563.345,3025.609,3292.631,9135.884,1298.537,3064.066
745,46816.852,27170.191,14136.451,3350.971,3221.603,8912.380,1167.048,2930.846
746,45034.552,25853.335,13974.414,3569.891,3083.771,9084.810,1176.718,2919.090
747,48646.745,25583.862,13985.678,3713.431,3269.658,9307.878,1225.619,2901.562
748,47392.591,24756.592,13861.682,3898.899,3892.993,8673.102,1319.700,2852.676
749,54627.333,26318.177,14222.790,4268.865,4729.138,8286.354,1511.595,2799.054
750,50953.189,26669.798,14384.435,3705.663,3830.792,8716.062,1370.160,2799.598
751,41794.093,26159.427,14750.382,2892.124,3295.071,9247.599,1087.981,2842.459
752,35846.181,25110.820,14381.824,2680.452,3091.155,10105.752,1013.453,2937.652
753,38187.607,25512.251,14685.397,3014.125,2954.135,10679.280,994.750,3112.111
754,41401.759,25578.725,14288.494,3064.303,3215.237,10620.363,1243.077,3101.917
755,32592.313,23476.733,12705.355,2508.982,2490.793,9309.120,923.003,2796.335
756,12355.729,22490.469,13019.031,1010.443,1014.092,9106.158,305.163,2766.952
757,37401.249,22353.236,13226.974,2582.126,2876.656,9218.572,784.781,2745.961
758,44340.127,24431.204,13473.180,3041.090,3143.806,9754.676,995.251,2952.945
759,55608.613,24928.254,14250.402,3879.079,4141.698,10779.411,1265.491,3252.502
760,47657.525,25346.420,14406.245,3580.403,3924.560,11056.824,1221.503,3255.129
761,32420.137,26533.075,14336.992,2128.269,2326.620,11057.696,690.422,3132.968
762,45141.733,26608.733,14818.511,3290.796,3198.239,11214.556,1118.154,3103.802
763,50875.876,26301.957,14977.690,3648.033,4097.169,11165.275,1422.262,3179.993
764,52564.068,26788.854,15643.944,3695.583,4243.714,11364.565,1507.178,3251.268
765,50419.565,26054.030,14832.218,3693.042,3930.827,11167.113,1508.478,3268.118
766,32123.042,26100.582,14530.078,2374.459,2409.627,11496.679,906.849,3273.423
767,29486.248,23546.776,14494.998,2114.002,2167.535,11818.384,644.798,3224.479
768,39926.280,23466.708,14893.724,2719.638,3044.546,11971.845,941.921,3353.757
769,53740.067,22507.370,13983.146,3705.763,4817.533,10952.789,1464.665,3184.938
770,51622.361,23778.343,13410.282,3748.114,4813.245,9871.378,1465.237,3037.986
771,52268.706,24863.002,13577.133,3563.704,4329.083,10024.508,1444.863,2889.765
772,44824.692,23421.791,12901.694,3186.431,3663.841,10071.810,1220.078,2794.999
773,24887.674,23149.085,12529.327,1638.670,1901.065,9846.395,627.356,2803.228
774,38456.885,23441.822,11923.553,2632.850,3317.272,8921.829,1180.269,2671.186
775,41604.386,23740.347,11105.909,3103.477,3164.095,8726.438,1285.634,2427.679
776,66561.156,24058.206,11086.612,4403.303,4844.450,9121.588,1650.802,2415.735
777,53498.183,25212.383,12133.892,3530.871,3986.639,10232.556,1380.858,2566.628
778,46670.409,25445.770,13397.287,2896.528,3539.874,11428.673,1157.174,2768.666
779,54766.784,24639.385,14184.324,3697.748,4422.879,12060.352,1430.958,2904.132
780,52161.170,23818.992,14068.655,3224.851,4191.232,11511.110,1278.574,2930.734
781,48053.221,22959.566,13470.184,3014.554,3448.714,10805.672,1113.213,2963.554
782,44981.163,22384.417,13468.148,3141.934,3186.261,10469.806,1085.937,2973.290
783,44567.103,22010.091,13394.308,2829.784,3292.997,10515.335,1151.310,3117.425
784,50751.956,23480.789,12988.317,3446.201,4213.792,10967.265,1278.297,2933.085
785,37730.746,22504.390,13474.181,2399.430,2892.261,12238.439,980.287,2962.697
786,47331.969,24805.980,13506.805,3458.939,4258.013,13095.932,1453.683,3066.945
787,41347.640,25799.018,13392.874,3146.575,3986.385,11892.677,1289.976,2999.805
788,56443.610,25320.008,12971.682,3938.563,5293.918,11050.839,1600.028,2787.831
789,60151.034,26162.371,12598.817,3771.264,4882.140,10658.319,1583.446,2734.981
790,59016.410,27611.672,12633.882,3799.599,4780.817,9980.867,1507.211,2710.915
791,47883.443,29073.123,13683.087,3210.077,4091.214,10586.133,1262.906,2977.281
792,48088.354,27977.813,14595.032,2995.291,3718.796,11535.321,1290.405,3155.421
793,42432.609,26404.805,14744.759,2783.201,3256.489,11896.667,1174.659,3294.587
794,40675.957,26042.201,15097.964,2760.907,3283.455,12225.354,1133.158,3431.365
795,64352.325,25602.605,15438.707,4270.824,4968.232,12521.436,1782.210,3366.896
796,57282.825,24840.947,14978.507,4004.560,4579.092,12021.130,1625.117,3138.500
797,52399.492,25561.144,14552.279,3500.265,4490.889,11505.667,1329.530,3024.371
798,48726.357,26318.743,14690.380,3153.517,4169.314,11436.840,1251.151,3121.869
799,45706.742,26049.441,15081.806,3142.869,3982.233,11622.260,1267.658,3142.937
800,49162.605,25117.790,15771.368,3497.286,4081.914,11170.909,1397.612,3232.837
801,48343.974,23750.202,14709.051,3131.114,3732.896,11246.628,1314.364,3076.408
802,51471.875,23192.397,13412.325,3533.403,4344.492,11065.567,1416.211,2970.729
803,48151.865,23596.431,12783.389,3584.693,4445.543,10458.133,1539.362,2918.049
804,50586.348,24182.097,12986.411,3574.953,4497.237,10506.270,1497.830,2957.966
805,49040.436,25134.718,13593.205,3528.103,4454.413,11324.598,1546.354,3126.975
806,48120.485,25331.572,12935.931,3536.400,4065.177,10431.557,1417.005,2784.831
807,48654.882,23212.704,12617.718,3759.272,4168.850,9411.721,1332.252,2677.939
808,51795.573,23552.498,12606.613,3615.714,4207.187,9244.706,1399.296,2651.048
809,47141.106,23576.473,13307.939,3151.938,3905.416,9398.540,1235.218,2575.500
810,56483.317,24086.072,14322.771,3617.433,4672.794,9361.086,1410.382,2733.531
811,54201.937,25164.597,14142.588,3451.793,4452.899,9877.749,1352.808,2951.942
812,44990.215,23677.713,13241.738,2924.101,3645.789,10064.224,1102.488,2815.047
813,41674.373,24251.025,12659.631,2896.259,3304.505,9361.777,955.896,2535.227
814,41397.777,23305.750,11959.563,2806.531,3294.781,8534.912,1012.577,2311.801
815,51111.711,21505.814,11502.594,3426.082,4124.257,8384.442,1077.135,2282.510
816,42495.881,21801.481,11360.864,3068.020,3200.706,8318.833,1062.503,2373.934
817,28157.919,21795.330,11485.726,2593.835,2079.229,8777.695,1089.809,2610.216
818,18517.709,24152.280,12712.251,1745.039,1910.306,9577.072,857.354,2699.537
819,29407.514,24388.659,12994.796,2281.830,2741.795,9754.458,899.142,2723.988
820,34486.718,22652.576,13634.409,2720.243,3077.677,9692.106,824.539,2735.122
821,34791.452,24641.417,14617.139,2546.009,2978.098,10395.736,842.563,2931.010
822,28827.035,24535.434,14275.125,2353.302,2515.841,10240.917,756.223,2852.435
823,24683.869,22248.721,12465.184,1858.282,2249.821,9396.317,649.817,2625.909
824,43333.347,21596.995,12041.961,2596.915,3022.644,9094.471,864.564,2600.623
825,43696.150,21005.023,11990.048,2770.828,2969.397,9213.689,846.520,2569.565
826,43305.718,20419.168,11924.588,3007.135,3722.669,9284.709,1080.396,2608.335
827,28889.491,21639.676,11718.253,2241.506,2580.376,8931.463,693.928,2556.328
828,34143.372,23196.506,12225.412,2890.660,3257.674,9629.689,961.867,2628.041
829,28470.000,24627.465,12681.226,1959.366,2431.378,10212.555,702.408,2703.892
830,46769.902,24420.570,12415.812,3194.090,4001.535,9915.633,1157.099,2572.356
831,45933.702,23972.837,11962.032,3072.609,3763.083,8447.490,1160.862,2394.583
832,61709.340,22607.573,12063.439,4058.880,5151.120,8218.129,1622.533,2404.287
833,62945.308,21813.721,12013.751,4388.641,5255.380,8026.060,1601.429,2371.239
834,57456.915,21961.106,11519.104,4280.391,4884.303,7735.975,1445.570,2401.825
835,41222.676,22238.642,11472.531,2958.952,3177.462,8068.238,1077.218,2374.259
836,31329.824,21761.274,12009.077,2367.370,2759.096,10294.589,940.843,2455.353
837,28822.907,22081.485,12656.005,2054.424,2797.086,10749.488,891.135,2737.377
838,31706.591,22995.662,13186.566,2322.694,2921.569,9817.534,866.849,2771.078
839,44556.524,24406.095,13945.567,3769.611,4996.568,9484.376,1236.885,2797.005
840,42046.956,24754.337,13430.977,3044.796,4716.315,9291.079,1172.161,2791.157
841,28667.165,24660.641,13691.994,2173.385,2504.800,9114.620,770.950,2807.276
842,44515.591,23538.795,13261.290,3144.950,3245.378,8492.436,1123.476,2478.388
843,46525.122,21529.117,11585.609,3267.892,3095.718,8014.974,992.172,2126.166
844,40542.840,19853.859,11009.783,2849.803,2761.841,7694.716,852.761,2084.291
845,43570.391,20364.417,10766.173,2893.927,3406.314,7704.758,1031.499,2153.678
846,50514.205,19675.487,11720.749,3839.595,4515.287,8551.793,1420.677,2288.758
847,52987.652,21466.624,12026.440,3541.515,4225.503,9268.842,1561.064,2414.277
848,47933.130,23774.819,11901.875,2636.313,3611.409,9681.760,1180.950,2526.906
849,25596.217,23186.284,11225.325,1393.437,1839.694,8815.724,602.297,2310.454
850,20813.770,22009.432,10987.509,1734.741,1751.547,8085.422,543.248,2245.193
851,38717.672,20032.965,10325.035,2692.364,2822.574,7841.474,825.044,2070.659
852,38400.693,17765.187,9808.919,2388.299,2678.165,7562.893,791.250,1884.897
853,46662.821,17303.178,9291.082,3219.889,3300.581,7203.674,934.314,1782.754
854,46933.082,17382.760,9219.145,3249.438,3411.020,7378.513,1004.366,1872.290
855,52557.062,18003.598,9548.501,3683.549,3797.777,7378.241,1153.355,1851.407
856,59638.630,19247.948,10153.418,4003.330,4519.635,7463.799,1351.816,1988.864
857,47952.348,20447.914,10175.678,3422.960,3950.282,7555.656,1134.700,2061.830
858,51628.314,20726.270,11031.327,3714.032,4944.321,7661.662,1342.214,2182.797
859,58130.264,21912.319,12190.846,3942.471,5226.325,8955.154,1464.987,2303.741
860,57042.785,22310.479,11899.926,3949.882,5562.042,9177.532,1497.572,2301.182
861,51673.384,22234.170,12270.403,3841.159,5013.196,9149.972,1377.984,2281.789
862,46952.883,22829.502,12501.150,3445.237,4280.813,9914.843,1227.207,2572.128
863,38652.732,23010.340,13330.915,3014.389,3218.533,11402.403,937.706,2776.189
864,37759.877,23501.842,13674.638,2717.782,2940.132,11982.829,881.928,2862.209
865,12612.027,24615.420,14143.607,796.962,1012.401,10927.601,268.844,2839.603
866,14738.163,24335.254,14473.028,1085.662,1453.760,10782.522,444.280,2888.982
867,32854.292,25013.997,14386.118,2617.865,3098.915,11413.242,948.971,2925.599
868,31752.102,26808.716,14797.934,2237.576,3028.866,12203.028,944.649,3056.029
869,36080.468,25323.064,15108.399,2544.881,3521.970,12607.671,1104.614,3179.025
870,37392.103,24857.962,14301.430,2490.431,3467.422,13035.319,1058.369,3162.230
871,46609.178,24620.916,13413.477,3019.382,4461.472,11407.739,1216.524,2968.816
872,44683.633,24134.181,12903.119,2950.442,3944.988,10171.471,1184.818,2697.867
